model,path,samples,s_reduced,a_reduced,relaxed_energy_ev,fixed_energy_ev,relaxed_shear_mpa,fixed_shear_mpa,schur_curvature,normal_curvature,coupling,normal_force_residual
unchanged_analytic_research_candidate,direct_110,33,0.0,0.8164965809270467,2.303676270631682e-15,3.790179943562089e-40,1.3581574573560456e-12,1.238369656101387e-12,4.945211215251887,22.902007120534204,-2.8623922743804306e-15,1.583693173737125e-15
unchanged_analytic_research_candidate,direct_110,33,0.015625,0.8167518923904161,0.0006026989003788222,0.000603446131002485,606.7019754768452,608.2072036231353,4.897899258207989,22.899296444754317,-0.7471629504407925,1.8009682287156714e-15
unchanged_analytic_research_candidate,direct_110,33,0.03125,0.8175130070812419,0.002399284870020363,0.002411166241548534,1201.8384790798568,1213.768156851345,4.757923469761025,22.890672717008567,-1.4796987465235492,8.971556136883052e-15
unchanged_analytic_research_candidate,direct_110,33,0.046875,0.8187656982944407,0.00535570105279371,0.005415230094683185,1774.3200894712713,1813.960838821681,4.531007885999468,22.874714659771918,-2.18353872573878,1.0581813203458523e-16
unchanged_analytic_research_candidate,direct_110,33,0.0625,0.8204870053104506,0.009416732729094419,0.009602172203404846,2313.9718066423234,2405.914585519275,4.226190614709747,22.84922592342445,-2.845699958104058,5.828670879282072e-16
unchanged_analytic_research_candidate,direct_110,33,0.078125,0.8226462783683085,0.014508199768110654,0.014952629259554125,2811.9005797504547,2986.543023518479,3.8551341030590294,22.81147052377083,-3.4547501730416714,4.888450755302642e-15
unchanged_analytic_research_candidate,direct_110,33,0.09375,0.8252064935830352,0.020539786548457575,0.021440852701429258,3260.767253411455,3552.4857320151227,3.431276963468382,22.75845993041784,-4.001181102622131,9.027500968983304e-15
unchanged_analytic_research_candidate,direct_110,33,0.109375,0.8281257181118826,0.027408304256817242,0.02903411663321259,3654.949301391664,4100.061554166507,2.9689240515269213,22.687257748597116,-4.477666131298882,5.655198531684391e-15
unchanged_analytic_research_candidate,direct_110,33,0.125,0.8313586054360994,0.03500116539566991,0.03769204707418141,3990.592772509729,4625.236440511972,2.4823713345589304,22.59526848932213,-4.879187421039698,1.5265566588595902e-16
unchanged_analytic_research_candidate,direct_110,33,0.140625,0.8348578154154916,0.04319985850880563,0.04736590414414029,4265.562953063805,5123.608603078346,1.9851467605258954,22.48048228234609,-5.2030301010576,3.6637359812630166e-15
unchanged_analytic_research_candidate,direct_110,33,0.15625,0.8385752791357317,0.05188323891015147,0.05799785412197728,4479.3117045569925,5590.413557206119,1.4894219760115597,22.34165609039392,-5.44865428770345,2.4216739724636227e-15
unchanged_analytic_research_candidate,direct_110,33,0.171875,0.842463258635601,0.06093049228064048,0.06952027312218403,4632.684303563707,6020.551297608556,1.0056190258935196,22.178422064209368,-5.617466877548799,2.3592239273284576e-16
unchanged_analytic_research_candidate,direct_110,33,0.1875,0.8464751808653039,0.07022367502073502,0.08185512813471457,4727.689786551815,6408.637367463351,0.5422079064551693,21.991323219204666,-5.712522187489475,3.0531133177191805e-16
unchanged_analytic_research_candidate,direct_110,33,0.203125,0.8505662496848693,0.0796497814124571,0.0949134840324951,4767.256913155491,6749.078913316818,0.10566986219547325,21.78178420253387,-5.738182841091232,1.457167719820518e-15
unchanged_analytic_research_candidate,direct_110,33,0.21875,0.8546938573156769,0.08910232787081067,0.10859518650234215,4754.993950572973,7036.175964204679,-0.2994104728940201,21.55202985444065,-5.699770310695409,1.762479051592436e-15
unchanged_analytic_research_candidate,direct_110,33,0.234375,0.8588178271312775,0.09848247595613521,0.12278877032770086,4694.965661282561,7264.247135449073,-0.6701642586289528,21.30496652223726,-5.6032295050418375,1.1102230246251565e-15
unchanged_analytic_research_candidate,direct_110,33,0.25,0.8629005239581201,0.1076997375328386,0.1373716397002357,4591.496067826471,7427.7777588695335,-1.0052060977681792,21.04404110122026,-5.454825265619073,1.1657341758564144e-15
unchanged_analytic_research_candidate,direct_110,33,0.265625,0.8669068676866349,0.11667231817958086,0.15221056198257657,4449.001382829174,7521.587124501457,-1.3043806316403375,20.773091217871464,-5.2608819340824615,3.469446951953614e-16
unchanged_analytic_research_candidate,direct_110,33,0.28125,0.870804282588173,0.1253271602593608,0.16716250841174785,4271.854227619823,7541.0101477484695,-1.5685105955316105,20.496197515919754,-5.027571203167538,3.3306690738754696e-15
unchanged_analytic_research_candidate,direct_110,33,0.296875,0.8745626096898281,0.1335997468584997,0.18207586459277836,4064.277971611764,7482.087432603937,-1.7991612021640595,20.2175462220087,-4.760748751947677,4.010680676458378e-15
unchanged_analytic_research_candidate,direct_110,33,0.3125,0.8781540039215971,0.14143372394753823,0.1967920204347148,3830.268604752161,7341.756483693532,-1.9984293036971328,19.941307458084733,-4.465836823924927,6.938893903907228e-16
unchanged_analytic_research_candidate,direct_110,33,0.328125,0.8815528322089755,0.1487803921669235,0.21114733378013964,3573.5408306809527,7118.035833840183,-2.1687609220452413,19.671532374556794,-4.147747828910093,1.1796119636642288e-15
unchanged_analytic_research_candidate,direct_110,33,0.34375,0.8847355836380411,0.1555981127819255,0.22497544494092503,3297.4948468654084,6810.193206524107,-2.312797391388962,19.41207021451233,-3.810843011138609,3.497202527569243e-15
unchanged_analytic_research_candidate,direct_110,33,0.359375,0.8876807984607948,0.16185166540785098,0.23810990144838712,3005.2003867958997,6418.8886213085025,-2.4332482890543305,19.166504907528996,-3.4589199640958928,2.067790383364354e-15
unchanged_analytic_research_candidate,direct_110,33,0.375,0.8903690190963478,0.1675115885882532,0.25038703450038746,2699.394899456285,5946.28365192027,-2.532788238672641,18.938109701016767,-3.0952230402206395,4.0245584642661925e-16
unchanged_analytic_research_candidate,direct_110,33,0.390625,0.8927827634067034,0.17255352848876107,0.26164901191057716,2382.4931310153406,5396.108907235349,-2.6139742602038627,18.72981761087579,-2.72247129530377,2.060851489460447e-15
unchanged_analytic_research_candidate,direct_110,33,0.40625,0.8949065183385018,0.1769576159521313,0.27174697795771546,2056.6057846567614,4773.683231247313,-2.679180369611723,18.54420504751587,-2.3428993658609083,2.192690473634684e-15
unchanged_analytic_research_candidate,direct_110,33,0.421875,0.8967267504666536,0.1807078879428788,0.28054417948647753,1723.5653248950248,4085.8800699574936,-2.730546410300769,18.38348578742523,-1.9583074912823493,7.355227538141662e-16
unchanged_analytic_research_candidate,direct_110,33,0.4375,0.8982319289916888,0.18379176592706722,0.28791897088991614,1384.957340290493,3341.038844374133,-2.7699384981514834,18.249512462074215,-1.5701176869550901,3.0461744238152733e-15
unchanged_analytic_research_candidate,direct_110,33,0.453125,0.8994125562696006,0.1861996008887223,0.29376758895724087,1042.1561739245565,2548.821868362817,-2.7989188985403874,18.143782882263007,-1.179433804019494,5.065392549852277e-16
unchanged_analytic_research_candidate,direct_110,33,0.46875,0.9002612009296831,0.1879242923726635,0.2980065924479832,696.36377305305,1720.0201903752504,-2.818723579215901,18.067448773107476,-0.7871038501612238,2.1510571102112408e-16
unchanged_analytic_research_candidate,direct_110,33,0.484375,0.9007725289989085,0.18896098706181627,0.3005748707481958,348.65090097853164,866.314527560821,-2.8302460748303733,18.021324835971743,-0.39378348115572454,2.768618667658984e-15
unchanged_analytic_research_candidate,direct_110,33,0.5,0.9009433291343384,0.18930686084888831,0.30143514077623257,5.905769885923658e-13,1.2672952228461838e-12,-2.8340266513173185,18.005896457583752,-6.711832083788976e-16,5.48172618408671e-16
unchanged_analytic_research_candidate,direct_110,65,0.0,0.8164965809270467,2.303676270631682e-15,3.790179943562089e-40,1.3581574573560456e-12,1.238369656101387e-12,4.945211215251887,22.902007120534204,-2.8623922743804306e-15,1.583693173737125e-15
unchanged_analytic_research_candidate,direct_110,65,0.0078125,0.8165604845621834,0.00015085552043840294,0.00015090229529451384,304.07950292318134,304.26809745824204,4.9333522887467405,22.901337241721613,-0.3745022933858861,5.996884846343198e-15
unchanged_analytic_research_candidate,direct_110,65,0.015625,0.8167518923904166,0.0006026989003779589,0.000603446131002485,606.7019754768431,608.2072036231353,4.897899258207972,22.89929644475428,-0.7471629504407875,6.902031030042721e-16
unchanged_analytic_research_candidate,direct_110,65,0.0234375,0.8170698988844753,0.001353368136012214,0.0013571411702528872,906.4255667687485,911.485936758822,4.8392208735009525,22.895792110098352,-1.1161580314642172,4.855491009259083e-15
unchanged_analytic_research_candidate,direct_110,65,0.03125,0.8175130070812424,0.0023992848700203906,0.002411166241548534,1201.83847907985,1213.768156851345,4.757923469760996,22.890672717008407,-1.4796987465235363,4.575333167888829e-15
unchanged_analytic_research_candidate,direct_110,65,0.0390625,0.8180791466145687,0.0037354913376857033,0.003764363462983243,1491.5732392524105,1514.7106430143988,4.654838857669073,22.883732013112112,-1.8360484206513954,6.350822645551091e-15
unchanged_analytic_research_candidate,direct_110,65,0.046875,0.8187656982944405,0.005355701052794145,0.005415230094683185,1774.320089471275,1813.960838821681,4.53100788599948,22.874714659771946,-2.1835387257387855,1.3071141391485241e-15
unchanged_analytic_research_candidate,direct_110,65,0.0546875,0.8195695245989905,0.007252362232805804,0.00736190819809309,2048.839245760892,2111.1546883167607,4.387660172835584,22.863323170814624,-2.5205849346596865,2.3678975447083417e-15
unchanged_analytic_research_candidate,direct_110,65,0.0625,0.820487005310451,0.00941673272909449,0.009602172203404846,2313.9718066423106,2405.914585519275,4.226190614709727,22.84922592342442,-2.845699958104036,2.7460672624712856e-15
unchanged_analytic_research_candidate,direct_110,65,0.0703125,0.8215140774215344,0.011838965032191078,0.012133414509002837,2568.6491347985334,2697.8474603001546,4.048133373365623,22.832065990406313,-3.157506935798361,8.880049473525276e-15
unchanged_analytic_research_candidate,direct_110,65,0.078125,0.8226462783683083,0.01450819976811043,0.014952629259554125,2811.9005797504583,2986.543023518479,3.855134103059031,22.811470523770843,-3.454750173041682,2.078198724220215e-15
unchanged_analytic_research_candidate,direct_110,65,0.0859375,0.8238787916108066,0.017412665994757888,0.018056394472003974,3042.8594576539003,3271.5721942748073,3.64892121358292,22.78706041129532,-3.736304241766577,8.031769693772617e-15
unchanged_analytic_research_candidate,direct_110,65,0.09375,0.825206493583035,0.020539786548457197,0.021440852701429258,3260.767253411465,3552.4857320151227,3.4312769634683895,22.75845993041796,-4.001181102622153,9.020562075079397e-16
unchanged_analytic_research_candidate,direct_110,65,0.1015625,0.8266240010674832,0.023876286680199994,0.025101690461102787,3464.9760583111115,3828.8130959860036,3.204009144136907,22.725306136954096,-4.248535149783464,1.609823385706477e-15
unchanged_analytic_research_candidate,direct_110,65,0.109375,0.8281257181118827,0.027408304256817485,0.02903411663321259,3654.949301391659,4100.061554166507,2.968924051526921,22.68725774859719,-4.477666131298876,2.185751579730777e-15
unchanged_analytic_research_candidate,direct_110,65,0.1171875,0.8297058816928385,0.031121499880596867,0.03323284012853539,3830.260872937704,4365.715563252321,2.7278013514131683,22.644003313379308,-4.688019952077653,4.614364446098307e-15
unchanged_analytic_research_candidate,direct_110,65,0.125,0.8313586054360994,0.03500116539566991,0.03769204707418141,3990.592772509729,4625.236440511972,2.4823713345589304,22.59526848932213,-4.879187421039698,1.5265566588595902e-16
unchanged_analytic_research_candidate,direct_110,65,0.1328125,0.8330779208204764,0.039032329394872105,0.042405377828848484,4135.731440721401,4878.062347341173,2.2342949353623798,22.54082230128213,-5.050901055425742,9.298117831235686e-16
unchanged_analytic_research_candidate,direct_110,65,0.140625,0.8348578154154915,0.043199858508805235,0.04736590414414029,4265.562953063807,5123.608603078346,1.985146760525895,22.480482282346085,-5.203030101057603,3.0184188481996443e-15
unchanged_analytic_research_candidate,direct_110,65,0.1484375,0.8366922678260507,0.04748855344178857,0.05256610680792703,4380.067265387188,5361.268346084425,1.7364012498569712,22.414118448050793,-5.335573965256609,1.3253287356462806e-15
unchanged_analytic_research_candidate,direct_110,65,0.15625,0.8385752791357317,0.05188323891015147,0.05799785412197728,4479.3117045569925,5590.413557206119,1.4894219760115597,22.34165609039392,-5.44865428770345,2.4216739724636227e-15
unchanged_analytic_research_candidate,direct_110,65,0.1640625,0.8405009007496821,0.05636884682917935,0.06365238157978964,4563.443895023435,5810.396458513097,1.2454539887929583,22.26307741363689,-5.542505893045382,2.8935187579293142e-15
unchanged_analytic_research_candidate,direct_110,65,0.171875,0.8424632586356012,0.060930492280640694,0.06952027312218403,4632.684303563695,6020.551297608556,1.0056190258935191,22.178422064209325,-5.6174668775487815,4.996003610813204e-16
unchanged_analytic_research_candidate,direct_110,65,0.1796875,0.84445657404493,0.06555354196730609,0.0755914443569819,4687.318571409463,6220.196524848477,0.7709133474273571,22.08778663195481,-5.673968081198387,2.4424906541753444e-15
unchanged_analytic_research_candidate,direct_110,65,0.1875,0.8464751808653039,0.07022367502073502,0.08185512813471457,4727.689786551815,6408.637367463351,0.5422079064551693,21.991323219204666,-5.712522187489475,3.0531133177191805e-16
unchanged_analytic_research_candidate,direct_110,65,0.1953125,0.8485135398093618,0.07492693617129838,0.08829986287451339,4754.1908303925375,6585.168800861542,0.320250540936722,21.889237187804902,-5.733712677181334,2.1788126858268697e-15
unchanged_analytic_research_candidate,direct_110,65,0.203125,0.8505662496848692,0.07964978141245774,0.0949134840324951,4767.2569131554965,6749.078913316818,0.10566986219547392,21.781784202533956,-5.738182841091244,3.7192471324942744e-15
unchanged_analytic_research_candidate,direct_110,65,0.2109375,0.8526280560178673,0.08437911639496543,0.1016831190992632,4767.358392521502,6899.652655826772,-0.10101948148260997,21.66926669287075,-5.726625032224403,4.912736883966318e-15
unchanged_analytic_research_candidate,direct_110,65,0.21875,0.8546938573156769,0.08910232787081067,0.10859518650234215,4754.993950572973,7036.175964204679,-0.2994104728940201,21.55202985444065,-5.699770310695409,1.762479051592436e-15
unchanged_analytic_research_candidate,direct_110,65,0.2265625,0.8567587092617512,0.09380730857185261,0.11563539877442386,4730.684185923657,7157.940235476504,-0.48919660956908784,21.430457307400463,-5.658378607366872,3.094746681142624e-15
unchanged_analytic_research_candidate,direct_110,65,0.234375,0.8588178271312774,0.09848247595613611,0.12278877032770086,4694.965661282573,7264.247135449073,-0.6701642586289552,21.30496652223726,-5.603229505041846,1.942890293094024e-16
unchanged_analytic_research_candidate,direct_110,65,0.2421875,0.86086658670676,0.10311678528754122,0.13003963014909808,4648.385431933492,7354.41370895842,-0.8421847069178852,21.176004114673947,-5.535113710331627,2.1371793224034263e-15
unchanged_analytic_research_candidate,direct_110,65,0.25,0.8629005239581201,0.1076997375328386,0.1373716397002357,4591.496067826471,7427.7777588695335,-1.0052060977681792,21.04404110122026,-5.454825265619073,1.1657341758564144e-15
unchanged_analytic_research_candidate,direct_110,65,0.2578125,0.8649153337335503,0.11222138256760265,0.14476781626957835,4524.85117120106,7483.703454463153,-1.159245413448447,20.9095681959559,-5.363154529312613,2.6645352591003757e-15
unchanged_analytic_research_candidate,direct_110,65,0.265625,0.8669068676866348,0.11667231817958111,0.15221056198257657,4449.00138282918,7521.587124501457,-1.3043806316403361,20.77309121787152,-5.2608819340824695,2.914335439641036e-16
unchanged_analytic_research_candidate,direct_110,65,0.2734375,0.8688711316431367,0.1210436853478573,0.15968169862860826,4364.490862951576,7540.8631851098335,-1.4407431560018709,20.6351266668945,-5.148772517074425,1.3183898417423734e-15
unchanged_analytic_research_candidate,direct_110,65,0.28125,0.8708042825881732,0.12532716025935986,0.16716250841174785,4271.854227619808,7541.0101477484695,-1.5685105955316039,20.49619751591971,-5.02757120316752,1.790234627208065e-15
unchanged_analytic_research_candidate,direct_110,65,0.2890625,0.8727026254319016,0.12951494350313617,0.17463378067570862,4171.613917256807,7521.556648082824,-1.6878999452944992,20.35682925595053,-4.89799881204223,1.4710455076283324e-15
unchanged_analytic_research_candidate,direct_110,65,0.296875,0.8745626096898281,0.1335997468584997,0.18207586459277836,4064.277971611764,7482.087432603937,-1.7991612021640595,20.2175462220087,-4.760748751947677,4.010680676458378e-15
unchanged_analytic_research_candidate,direct_110,65,0.3046875,0.8763808261927655,0.13757477806663468,0.18946872774198797,3950.338183716002,7422.249236504862,-1.9025714334786579,20.078868218881173,-4.616484357359115,2.914335439641036e-16
unchanged_analytic_research_candidate,direct_110,65,0.3125,0.8781540039215973,0.14143372394753834,0.1967920204347148,3830.2686047521584,7341.756483693532,-1.9984293036971326,19.941307458084715,-4.465836823924924,1.3600232051658168e-15
unchanged_analytic_research_candidate,direct_110,65,0.3203125,0.8798790070434707,0.1451707321965745,0.20402514557611712,3704.5243717623644,7240.39673801342,-2.0870500540036074,19.805365810662593,-4.3094036919533405,7.91033905045424e-16
unchanged_analytic_research_candidate,direct_110,65,0.328125,0.8815528322089753,0.14878039216692304,0.21114733378013964,3573.540830680958,7118.035833840183,-2.1687609220452435,19.671532374556843,-4.147747828910101,1.0269562977782698e-15
unchanged_analytic_research_candidate,direct_110,65,0.3359375,0.8831726061542703,0.1522577149177554,0.2181377233844451,3437.7329281524585,6974.622614304642,-2.2438969832739453,19.540281350293238,-3.98139686174831,3.594347042223944e-15
unchanged_analytic_research_candidate,direct_110,65,0.34375,0.8847355836380413,0.15559811278192687,0.22497544494092503,3297.494846865403,6810.193206524107,-2.3127973913889583,19.41207021451227,-3.810843011138599,8.326672684688674e-16
unchanged_analytic_research_candidate,direct_110,65,0.3515625,0.8862391457305435,0.15879737868296243,0.23163970968847145,3153.199860602667,6624.874765451791,-2.3758019928488627,19.28733817743009,-3.636543281612616,2.400857290751901e-15
unchanged_analytic_research_candidate,direct_110,65,0.359375,0.8876807984607948,0.16185166540785098,0.23810990144838712,3005.2003867958997,6418.8886213085025,-2.4332482890543305,19.166504907528996,-3.4589199640958928,2.067790383364354e-15
unchanged_analytic_research_candidate,direct_110,65,0.3671875,0.8890581718181999,0.16475746502144306,0.24436567132046774,2853.8282160135623,6192.552770048668,-2.48546871940449,19.049969504650313,-3.278361410138842,4.996003610813204e-16
unchanged_analytic_research_candidate,direct_110,65,0.375,0.8903690190963478,0.1675115885882532,0.25038703450038746,2699.394899456285,5946.28365192027,-2.532788238672641,18.938109701016767,-3.0952230402206395,4.0245584642661925e-16
unchanged_analytic_research_candidate,direct_110,65,0.3828125,0.8916112165595569,0.17011114634976535,0.25615446848782636,2542.192277142891,5680.597169867536,-2.575522163026487,18.83128126864004,-2.909828551709357,4.010680676458378e-15
unchanged_analytic_research_candidate,direct_110,65,0.390625,0.8927827634067033,0.17255352848876085,0.26164901191057716,2382.4931310153406,5396.108907235349,-2.6139742602038645,18.72981761087578,-2.7224712953037726,1.2975731600306517e-15
unchanged_analytic_research_candidate,direct_110,65,0.3984375,0.8938817820019833,0.17483638659737086,0.2668523631539398,2220.5519486536487,5093.533512878144,-2.6484350608438136,18.634029515597742,-2.533415792011473,2.5604518505417673e-15
unchanged_analytic_research_candidate,direct_110,65,0.40625,0.8949065183385017,0.17695761595213097,0.27174697795771546,2056.605784656763,4773.683231247313,-2.679180369611725,18.5442050475159,-2.3428993658609123,2.0816681711721685e-16
unchanged_analytic_research_candidate,direct_110,65,0.4140625,0.8958553426977988,0.17891533868673692,0.27631616512579815,1890.875208007654,4437.465565196658,-2.7064699564833976,18.46060955750657,-2.1511338705720133,2.949029909160572e-15
unchanged_analytic_research_candidate,direct_110,65,0.421875,0.8967267504666537,0.18070788794287904,0.28054417948647753,1723.565324895025,4085.8800699574936,-2.730546410300769,18.383485787425162,-1.9583074912823462,2.338407245616736e-15
unchanged_analytic_research_candidate,direct_110,65,0.4296875,0.897519363071616,0.18233379306881223,0.2844163112456389,1554.8668675115457,3720.014287823878,-2.7516341384447194,18.31305404970468,-1.7645866051243568,3.490263633665336e-15
unchanged_analytic_research_candidate,direct_110,65,0.4375,0.898231928991689,0.18379176592706675,0.28791897088991614,1384.9573402904912,3341.038844374133,-2.7699384981514807,18.24951246207412,-1.5701176869550866,4.364564265557647e-15
unchanged_analytic_research_candidate,direct_110,65,0.4453125,0.8988633248103555,0.1850806883642362,0.2910397688231827,1214.0022158833206,2950.2017383440834,-2.78564504661337,18.19303721893175,-1.375029248843979,2.67841304690819e-15
unchanged_analytic_research_candidate,direct_110,65,0.453125,0.8994125562696008,0.1861996008887228,0.29376758895724087,1042.1561739245549,2548.821868362817,-2.798918898540383,18.143782882262926,-1.179433804019491,1.4363510381087963e-15
unchanged_analytic_research_candidate,direct_110,65,0.4609375,0.899878759290753,0.18714769259571234,0.29609265552561204,869.5643762816821,2138.281850461655,-2.8099041813113357,18.101882676474204,-0.9834298478572383,5.551115123125783e-17
unchanged_analytic_research_candidate,direct_110,65,0.46875,0.9002612009296832,0.1879242923726638,0.2980065924479832,696.3637730530492,1720.0201903752504,-2.8187235792158982,18.067448773107415,-0.7871038501612222,3.4208746946262636e-15
unchanged_analytic_research_candidate,direct_110,65,0.4765625,0.9005592802371617,0.1885288614131194,0.299502474641013,522.6844340592281,1295.5228839778379,-2.825477959584529,18.040572553094453,-0.5905322544442626,2.4077961846558082e-15
unchanged_analytic_research_candidate,direct_110,65,0.484375,0.9007725289989084,0.1889609870618162,0.3005748707481958,348.6509009785321,866.314527560821,-2.8302460748303786,18.021324835971818,-0.3937834811557253,1.8041124150158794e-16
unchanged_analytic_research_candidate,direct_110,65,0.4921875,0.9009006123339496,0.1892203780091298,0.3012198768461749,174.38355560896878,433.9490268959265,-2.8330843355960766,18.009756067321508,-0.19691993283610715,1.6306400674181987e-15
unchanged_analytic_research_candidate,direct_110,65,0.5,0.9009433291343383,0.18930686084888973,0.30143514077623257,6.526072031855397e-13,1.2672952228461838e-12,-2.834026651317321,18.005896457583823,-6.475354704084919e-16,3.899658373995862e-15
Mishin_reference_same_interface,direct_110,33,0.0,0.8164983416260694,-3.047592733729232e-11,0.0,2.739272478606374e-13,-3.0218497421742355e-18,4.393546621110359,19.66074471421827,1.2899128439588023e-16,3.71109156781826e-15
Mishin_reference_same_interface,direct_110,33,0.015625,0.8166626046268276,0.0005358149785923694,0.000536086092390517,539.7150736909109,540.2555305382436,4.368307615124577,19.666020589356926,-0.4130240383345133,1.4635036502062593e-15
Mishin_reference_same_interface,direct_110,33,0.03125,0.8171376764698159,0.002137486013704365,0.0021415239064908054,1072.787663233564,1076.504011832241,4.2413049337568305,19.629056516746004,-0.737224602896332,1.681313729896445e-15
Mishin_reference_same_interface,direct_110,33,0.046875,0.8178089536712595,0.004772235713834269,0.00478907676079654,1578.0440571637046,1587.7993895460422,3.963769382526941,19.511540777699146,-0.9410999060963887,2.5000809147047416e-15
Mishin_reference_same_interface,direct_110,33,0.0625,0.8187604521521462,0.008378540930862613,0.008430445650361995,2054.72917024566,2082.7662539367243,3.786753642488482,20.101899373069717,-1.5089845247190847,9.016685266148249e-16
Mishin_reference_same_interface,direct_110,33,0.078125,0.8201293703448417,0.012906356292338203,0.013044389849425825,2504.7613592786215,2566.545717018373,3.511032979911405,20.669869436935983,-2.0606964590553796,1.2990981802191553e-15
Mishin_reference_same_interface,direct_110,33,0.09375,0.8218730478028514,0.018289626167807965,0.018600349921768983,2915.5745820704033,3031.8769551652204,3.1567565899292975,21.1091105137911,-2.60471714055973,7.998271778787152e-16
Mishin_reference_same_interface,direct_110,33,0.109375,0.823947039471743,0.024450278481391613,0.025062156833436794,3291.828613961575,3482.761641666647,2.951817822755685,21.49306241714779,-3.0579676684197206,3.626545589139516e-16
Mishin_reference_same_interface,direct_110,33,0.125,0.8263308243358539,0.03132940673148907,0.032414748031622864,3637.4072162428274,3927.866812880894,2.622579179370861,21.681895092176024,-3.5262819228599964,5.49446496107987e-15
Mishin_reference_same_interface,direct_110,33,0.140625,0.8290407653275427,0.03884593690851311,0.04063159087394211,3931.7984114375577,4353.065340464744,2.1601307967533048,21.67143562945127,-3.995595096871166,1.927533819981003e-15
Mishin_reference_same_interface,direct_110,33,0.15625,0.8321152205106203,0.04688739808541581,0.049670121884678925,4164.427019753235,4756.078147336062,1.595071706713172,21.4691259005564,-4.507363095756375,1.6493330624579716e-15
Mishin_reference_same_interface,direct_110,33,0.171875,0.8356224960870317,0.05531496596367749,0.05948011096473388,4317.8581335776635,5128.528483133046,0.8698179349579487,21.062846521903776,-5.046017605453322,8.445380139092024e-16
Mishin_reference_same_interface,direct_110,33,0.1875,0.8395784248063883,0.06395394517501214,0.0699853915615069,4378.84773088491,5455.499399120068,0.23944294649921538,20.68586041935768,-5.387309419417823,6.557589284471454e-16
Mishin_reference_same_interface,direct_110,33,0.203125,0.8436522776793219,0.07265665723470946,0.08109842825617765,4389.535228135125,5741.781568819921,-0.06754206887247194,20.666613994519793,-5.376692048250179,4.451212120368502e-15
Mishin_reference_same_interface,direct_110,33,0.21875,0.8476926728388051,0.08134367982155576,0.0927330210126355,4363.940461514697,5982.668268095874,-0.3225167166183138,20.737753893540056,-5.3478189536358105,3.974296536043305e-17
Mishin_reference_same_interface,direct_110,33,0.234375,0.8517099560913485,0.08995358535650462,0.10480558954410607,4313.451859669088,6181.49568705065,-0.4936662042162565,20.94072956461019,-5.351540307372477,4.0935254321246045e-15
Mishin_reference_same_interface,direct_110,33,0.25,0.8556636803036177,0.09844341817286847,0.11722199654206494,4243.681771945968,6328.574015688162,-0.6305142444550127,21.109712781883754,-5.274404176626721,1.4307467529755899e-15
Mishin_reference_same_interface,direct_110,33,0.265625,0.8595084715935246,0.10678059624300724,0.12987715791371698,4160.779527666174,6421.889571206062,-0.7070438892617522,21.250662709127084,-5.139442586507992,1.6692045451381883e-15
Mishin_reference_same_interface,direct_110,33,0.28125,0.8632496025304126,0.11493954026574246,0.1426629551895799,4061.973048187234,6460.370128456861,-0.8819789565624565,21.257939473530048,-5.028443973196886,2.2653490255446838e-15
Mishin_reference_same_interface,direct_110,33,0.296875,0.8669070316881715,0.1228842695116119,0.1554723675705483,3945.8941013981544,6446.418780183772,-1.0033340275628864,21.14762240699664,-4.901163025836286,7.94859307208661e-17
Mishin_reference_same_interface,direct_110,33,0.3125,0.8704966761560061,0.13058511913051116,0.16819891899534045,3815.921180076049,6374.490851176452,-1.1577774217280632,20.850458181503246,-4.797660278203871,2.6627786791490144e-15
Mishin_reference_same_interface,direct_110,33,0.328125,0.8741483533150515,0.1379986147372918,0.18072213779020593,3651.1564532150915,6242.7260583430725,-1.5258063724861828,20.285626358802133,-4.811617831667324,3.4178950209972424e-15
Mishin_reference_same_interface,direct_110,33,0.34375,0.8779185243020559,0.14503882127866777,0.19293040758045021,3438.692967357043,6058.113118068856,-1.9416951971811427,19.652572685788662,-4.82589802240759,1.4307467529755899e-15
Mishin_reference_same_interface,direct_110,33,0.359375,0.8818581089029114,0.15160138287667127,0.20472527805187596,3166.2086502212783,5826.296921479199,-2.5244467457535555,18.814981633703727,-4.880981043180578,1.8281764065799203e-15
Mishin_reference_same_interface,direct_110,33,0.375,0.8860287156833829,0.15754620326462512,0.21600913989351067,2813.9613909383775,5538.924495749234,-3.18916763755226,17.949154251931407,-4.888603281110386,1.6294615797777552e-15
Mishin_reference_same_interface,direct_110,33,0.390625,0.8903678492735781,0.16271195963553123,0.2266495280133485,2380.6011534487075,5176.068678923824,-3.852717842546031,17.068777700702064,-4.839013800845838,9.538311686503932e-16
Mishin_reference_same_interface,direct_110,33,0.40625,0.8945667744584997,0.1669736916679273,0.2364893853211524,1921.377315157028,4730.5010752943435,-3.5975766182349593,16.621356652576484,-4.205545060754342,2.980722402032479e-15
Mishin_reference_same_interface,direct_110,33,0.421875,0.8982623020529814,0.17035676601164948,0.245342500498857,1495.876308357858,4175.025235133349,-3.3003539266618263,16.181653884439232,-3.5495597440700126,8.346022725690941e-16
Mishin_reference_same_interface,direct_110,33,0.4375,0.9014057566589807,0.17293526536655252,0.2529726165583349,1111.1976116956637,3498.575194715297,-2.943063475833728,15.823511102942556,-2.8913123368666147,1.4307467529755899e-15
Mishin_reference_same_interface,direct_110,33,0.453125,0.9039592465793866,0.1747948862039062,0.2591486371657389,771.2919846039354,2710.685682778298,-2.5840385159047754,15.542385796515482,-2.237065304337724,2.066634198742519e-15
Mishin_reference_same_interface,direct_110,33,0.46875,0.9059027549090283,0.1760243185824638,0.2636650697058935,475.8329857033024,1834.5672027918379,-2.195680718259794,15.412167223030414,-1.596486324609567,4.053782466764171e-15
Mishin_reference_same_interface,direct_110,33,0.484375,0.9071637976614794,0.17671644054415397,0.26640766238709973,228.47761414249138,926.5092818502205,-1.8937698674816104,15.304973974578568,-0.8421330321905957,9.935741340108263e-16
Mishin_reference_same_interface,direct_110,33,0.5,0.9075940614534211,0.17694189727989826,0.26732847628894085,-1.3435302598881044e-13,2.5578863526251047e-14,-1.8313896198925053,15.249304745020847,8.411796747446481e-17,2.34483495626555e-15
Mishin_reference_same_interface,direct_110,65,0.0,0.8164983416260694,-3.047592733729232e-11,0.0,2.739272478606374e-13,-3.0218497421742355e-18,4.393546621110359,19.66074471421827,1.2899128439588023e-16,3.71109156781826e-15
Mishin_reference_same_interface,direct_110,65,0.0078125,0.8165394459613137,0.00013405076516270764,0.0001340688302006593,270.2493826231079,270.31923926849294,4.387270151209537,19.662122440111528,-0.20687368917427174,3.701335329617597e-15
Mishin_reference_same_interface,direct_110,65,0.015625,0.8166626046268274,0.0005358149785922722,0.000536086092390517,539.7150736909186,540.2555305382436,4.368307615124582,19.666020589356936,-0.4130240383345281,2.0994687189524077e-15
Mishin_reference_same_interface,direct_110,65,0.0234375,0.8168663007315284,0.0012042304239613943,0.0012055759630610896,807.939092810317,809.7241512595658,4.3473789260047475,19.674622693378502,-0.6121112035390479,5.2010500996297974e-15
Mishin_reference_same_interface,direct_110,65,0.03125,0.817137676469816,0.0021374860137047813,0.0021415239064908054,1072.7876632335558,1076.504011832241,4.24130493375683,19.629056516745997,-0.737224602896318,1.5210999007871994e-15
Mishin_reference_same_interface,direct_110,65,0.0390625,0.8174522625195135,0.003329565929518441,0.003338516480548198,1329.6641145757937,1335.982259337274,4.106179017327363,19.570165530538013,-0.840967295063887,4.110912979469794e-16
Mishin_reference_same_interface,direct_110,65,0.046875,0.8178089536712594,0.004772235713834561,0.00478907676079654,1578.0440571636987,1587.7993895460422,3.9637693825269418,19.511540777699153,-0.9410999060963857,2.8732921987925582e-15
Mishin_reference_same_interface,direct_110,65,0.0546875,0.8182285897872213,0.006457163005939043,0.006486990706773971,1818.8261656128807,1835.9238179223698,3.8761070011957903,19.767572160379746,-1.2044829671599668,2.283978540557387e-15
Mishin_reference_same_interface,direct_110,65,0.0625,0.8187604521521462,0.008378540930862613,0.008430445650361995,2054.72917024566,2082.7662539367243,3.786753642488482,20.101899373069717,-1.5089845247190847,9.016685266148249e-16
Mishin_reference_same_interface,direct_110,65,0.0703125,0.8193970288637481,0.01053080631560857,0.01061743642600757,2284.0193694011086,2326.691577439678,3.660183268334012,20.40026098105547,-1.789076027677398,1.6567848684630528e-15
Mishin_reference_same_interface,direct_110,65,0.078125,0.8201293703448417,0.012906356292338203,0.013044389849425825,2504.7613592786215,2566.545717018373,3.511032979911405,20.669869436935983,-2.0606964590553796,1.2990981802191553e-15
Mishin_reference_same_interface,direct_110,65,0.0859375,0.8209547771078761,0.01549607996251745,0.01570697303613111,2715.693949213813,2801.7562517598535,3.341388894398463,20.904938580117246,-2.332460031186265,3.626545589139516e-16
Mishin_reference_same_interface,direct_110,65,0.09375,0.8218730478028513,0.018289626167808076,0.018600349921768983,2915.574582070415,3031.8769551652204,3.1567565899292958,21.10911051379113,-2.604717140559743,2.9931420787076143e-15
Mishin_reference_same_interface,direct_110,65,0.1015625,0.8228735836996084,0.021276631668924906,0.021719545514606337,3106.75020132339,3257.653467528799,3.0596539923989594,21.323322184427283,-2.8285059606960283,1.589718614417322e-15
Mishin_reference_same_interface,direct_110,65,0.109375,0.8239470394717429,0.024450278481391613,0.025062156833436794,3291.828613961573,3482.761641666647,2.9518178227556837,21.49306241714779,-3.0579676684197192,1.6443651917879176e-15
Mishin_reference_same_interface,direct_110,65,0.1171875,0.8250986575405475,0.02780396788052822,0.028627973761181397,3469.562906554634,3707.372735902188,2.8212671499443607,21.617889412942855,-3.298539379965081,2.1361843881232766e-15
Mishin_reference_same_interface,direct_110,65,0.125,0.8263308243358538,0.031329406731489234,0.032414748031622864,3637.407216242836,3927.866812880894,2.6225791793708657,21.681895092176067,-3.5262819228600053,1.6493330624579716e-15
Mishin_reference_same_interface,direct_110,65,0.1328125,0.8276438438145147,0.03501468638715906,0.036417720804301765,3791.582402727548,4143.2665047108885,2.3917278608615073,21.688796740342738,-3.7610572681524643,3.3781520556368094e-15
Mishin_reference_same_interface,direct_110,65,0.140625,0.8290407653275426,0.03884593690851311,0.04063159087394211,3931.7984114375577,4353.065340464744,2.1601307967533048,21.67143562945127,-3.995595096871166,1.927533819981003e-15
Mishin_reference_same_interface,direct_110,65,0.1484375,0.8305280083060055,0.04280888783890846,0.04505087203134553,4056.8133238092514,4557.557720052636,1.8969675000521573,21.602093934360617,-4.245310698592969,7.451806005081197e-16
Mishin_reference_same_interface,direct_110,65,0.15625,0.8321152205106203,0.04688739808541581,0.049670121884678925,4164.427019753235,4756.078147336062,1.595071706713172,21.4691259005564,-4.507363095756375,1.6493330624579716e-15
Mishin_reference_same_interface,direct_110,65,0.1640625,0.8338108021313594,0.05106303728342476,0.05448267659384476,4252.274549112474,4947.060834638766,1.2515311273900454,21.286722929813365,-4.777514177235956,1.589718614417322e-16
Mishin_reference_same_interface,direct_110,65,0.171875,0.8356224960870315,0.055314965963677715,0.05948011096473388,4317.858133577671,5128.528483133046,0.8698179349579473,21.06284652190382,-5.046017605453332,3.765645967901032e-15
Mishin_reference_same_interface,direct_110,65,0.1796875,0.8375551221769094,0.05961992224455262,0.06465186118612287,4358.753957160178,5298.158366204817,0.44979900384181404,20.77369712297237,-5.307994882383908,1.7586262171991626e-15
Mishin_reference_same_interface,direct_110,65,0.1875,0.8395784248063882,0.06395394517501195,0.0699853915615069,4378.847730884917,5455.499399120068,0.2394429464992096,20.68586041935772,-5.387309419417835,2.4044494043061996e-15
Mishin_reference_same_interface,direct_110,65,0.1953125,0.8416169902620447,0.06830264675267664,0.07547080171200979,4388.79639297222,5604.246123718968,0.08901625999316165,20.669578796679374,-5.392444324025172,5.564015150460627e-16
Mishin_reference_same_interface,direct_110,65,0.203125,0.8436522776793217,0.07265665723470928,0.08109842825617765,4389.535228135139,5741.781568819921,-0.06754206887246705,20.66661399451985,-5.376692048250195,1.848047889260137e-15
Mishin_reference_same_interface,direct_110,65,0.2109375,0.8456794404689034,0.07700664371249417,0.08685601480843506,4380.69982726254,5866.7622492994815,-0.2177089970531687,20.66384257848811,-5.338424893460433,6.955018938075784e-16
Mishin_reference_same_interface,direct_110,65,0.21875,0.847692672838805,0.08134367982155566,0.0927330210126355,4363.940461514703,5982.668268095874,-0.3225167166183085,20.73775389354009,-5.347818953635821,1.848047889260137e-15
Mishin_reference_same_interface,direct_110,65,0.2265625,0.8497057974570391,0.08566116841264233,0.09871994678826314,4341.375693239484,6088.118565527869,-0.4129207108589057,20.83953428558232,-5.364620034293985,3.6563528131598406e-15
Mishin_reference_same_interface,direct_110,65,0.234375,0.8517099560913481,0.08995358535650458,0.10480558954410607,4313.451859669104,6181.49568705065,-0.49366620421625995,20.940729564610262,-5.351540307372507,2.821750540590747e-15
Mishin_reference_same_interface,direct_110,65,0.2421875,0.8536982458534936,0.09421583901816508,0.110977336441868,4280.637531801855,6261.622875504605,-0.5746325244264995,21.01766407079886,-5.328056824548405,1.6095900970975385e-15
Mishin_reference_same_interface,direct_110,65,0.25,0.8556636803036176,0.09844341817286847,0.11722199654206494,4243.681771945968,6328.574015688162,-0.6305142444550127,21.109712781883754,-5.274404176626721,1.4307467529755899e-15
Mishin_reference_same_interface,direct_110,65,0.2578125,0.8576019411658606,0.10263260546312347,0.12352643229425096,4203.3847895639665,6382.0923770462305,-0.6777743132523802,21.17441089822162,-5.213143395041081,2.1659916121436013e-15
Mishin_reference_same_interface,direct_110,65,0.265625,0.8595084715935247,0.10678059624300719,0.12987715791371698,4160.7795276661645,6421.889571206062,-0.7070438892617534,21.250662709127038,-5.139442586507978,3.2589231595555103e-15
Mishin_reference_same_interface,direct_110,65,0.2734375,0.8613887032686086,0.11088464429746067,0.13626052743425476,4114.056441007121,6447.928498645664,-0.8056854804660338,21.246636171575755,-5.093251707436112,3.974296536043305e-16
Mishin_reference_same_interface,direct_110,65,0.28125,0.8632496025304125,0.11493954026574246,0.1426629551895799,4061.973048187234,6460.370128456861,-0.8819789565624565,21.257939473530048,-5.028443973196886,2.2653490255446838e-15
Mishin_reference_same_interface,direct_110,65,0.2890625,0.8650887327586922,0.11894067355364947,0.14907114090322232,4005.760251390247,6459.625176349962,-0.9362881557497842,21.23067268723193,-4.957788443643257,7.94859307208661e-16
Mishin_reference_same_interface,direct_110,65,0.296875,0.8669070316881715,0.1228842695116119,0.1554723675705483,3945.8941013981544,6446.418780183772,-1.0033340275628864,21.14762240699664,-4.901163025836286,7.94859307208661e-17
Mishin_reference_same_interface,direct_110,65,0.3046875,0.8687083300724178,0.12676676475715917,0.16185352042865972,3882.701807754426,6418.467305380045,-1.0460434156979,21.05622087765285,-4.8282222737078015,1.1128030300921254e-15
Mishin_reference_same_interface,direct_110,65,0.3125,0.8704966761560059,0.130585119130511,0.16819891899534045,3815.921180076051,6374.490851176452,-1.157777421728045,20.85045818150334,-4.7976602782038755,4.769155843251966e-16
Mishin_reference_same_interface,direct_110,65,0.3203125,0.8723069706014834,0.13433268919862998,0.17449322154407174,3739.2582828845907,6315.621006795429,-1.3354912566950667,20.594492168372344,-4.80687239696062,4.053782466764171e-15
Mishin_reference_same_interface,direct_110,65,0.328125,0.8741483533150514,0.13799861473729175,0.18072213779020593,3651.1564532150906,6242.7260583430725,-1.5258063724861826,20.285626358802137,-4.811617831667334,2.7025216445094477e-15
Mishin_reference_same_interface,direct_110,65,0.3359375,0.8760169605227089,0.14157134612200817,0.1868720853930268,3551.2612453682314,6156.559772059268,-1.7145064050007321,19.98070835380266,-4.812756051644688,7.551163418482279e-16
Mishin_reference_same_interface,direct_110,65,0.34375,0.8779185243020557,0.14503882127866777,0.19293040758045021,3438.692967357043,6058.113118068856,-1.9416951971811427,19.652572685788662,-4.82589802240759,1.4307467529755899e-15
Mishin_reference_same_interface,direct_110,65,0.3515625,0.8798616790750794,0.14838754115572603,0.1988853074590236,3311.31149107861,5948.071591218136,-2.210123337378918,19.2614147313343,-4.857226578513879,4.014039501403738e-15
Mishin_reference_same_interface,direct_110,65,0.359375,0.8818581089029115,0.15160138287667116,0.20472527805187596,3166.2086502212746,5826.296921479199,-2.524446745753551,18.814981633703695,-4.880981043180572,2.1461201294633847e-15
Mishin_reference_same_interface,direct_110,65,0.3671875,0.8839182255148414,0.1546612530342134,0.21043835877537356,3000.3368951999096,5691.500764837766,-2.874793186576895,18.326570414707323,-4.914672502296887,2.7820075752303136e-16
Mishin_reference_same_interface,direct_110,65,0.375,0.886028715683383,0.15754620326462512,0.21600913989351067,2813.9613909383775,5538.924495749234,-3.18916763755226,17.949154251931407,-4.888603281110386,1.6294615797777552e-15
Mishin_reference_same_interface,direct_110,65,0.3828125,0.8881751627593428,0.16023652474008576,0.22141926888199498,2607.6671192970825,5367.410329060324,-3.5237680793661466,17.530378818828993,-4.866261506484414,1.6294615797777552e-15
Mishin_reference_same_interface,direct_110,65,0.390625,0.890367849273578,0.16271195963553123,0.2266495280133485,2380.6011534487075,5176.068678923824,-3.852717842546031,17.068777700702064,-4.839013800845838,9.538311686503932e-16
Mishin_reference_same_interface,direct_110,65,0.3984375,0.8925264535371844,0.1649567104710834,0.23167984551679854,2147.201327549544,4964.098081195053,-3.727682192310499,16.856876353276387,-4.5310947256156675,3.060208332753345e-15
Mishin_reference_same_interface,direct_110,65,0.40625,0.8945667744584996,0.16697369166792736,0.2364893853211524,1921.3773151570333,4730.5010752943435,-3.5975766182349513,16.621356652576548,-4.205545060754348,5.166585496856297e-16
Mishin_reference_same_interface,direct_110,65,0.4140625,0.8964811572670077,0.1687707643262556,0.2410536932698721,1703.9276540881203,4468.259230608232,-3.4566286924914937,16.402060118690034,-3.8724259228859506,1.5102326836964559e-15
Mishin_reference_same_interface,direct_110,65,0.421875,0.8982623020529814,0.17035676601164948,0.245342500498857,1495.876308357858,4175.025235133349,-3.3003539266618263,16.181653884439232,-3.5495597440700126,8.346022725690941e-16
Mishin_reference_same_interface,direct_110,65,0.4296875,0.899906219757051,0.17174141501476078,0.24932535095298503,1298.0598636307948,3851.429167191001,-3.1296045907384236,16.000825601754546,-3.214779704160309,1.3910037876151568e-15
Mishin_reference_same_interface,direct_110,65,0.4375,0.9014057566589807,0.17293526536655252,0.2529726165583349,1111.1976116956637,3498.575194715297,-2.943063475833728,15.823511102942556,-2.8913123368666147,1.4307467529755899e-15
Mishin_reference_same_interface,direct_110,65,0.4453125,0.9027580287740715,0.17394934736323453,0.25625603314034007,935.5971176322261,3117.93077489975,-2.7604583742830577,15.697173490439845,-2.564683856691904,2.9012364713116126e-15
Mishin_reference_same_interface,direct_110,65,0.453125,0.9039592465793868,0.17479488620390615,0.2591486371657389,771.2919846039304,2710.685682778298,-2.5840385159047736,15.542385796515454,-2.237065304337727,1.3512608222547239e-15
Mishin_reference_same_interface,direct_110,65,0.4609375,0.9050088313773597,0.17548294674719117,0.2616246859811684,617.9784441945425,2278.670170637338,-2.4021207349876375,15.45919494130176,-1.9260665922923648,1.5102326836964559e-15
Mishin_reference_same_interface,direct_110,65,0.46875,0.9059027549090284,0.17602431858246395,0.2636650697058935,475.8329857033036,1834.5672027918379,-2.1956807182597857,15.412167223030375,-1.5964863246095773,2.9012364713116126e-15
Mishin_reference_same_interface,direct_110,65,0.4765625,0.9066268741473813,0.1764313590058758,0.26526153650555573,347.19173918787305,1383.6448215793116,-1.9820946308343297,15.386031111716143,-1.259397567973677,3.77558170924114e-15
Mishin_reference_same_interface,direct_110,65,0.484375,0.9071637976614795,0.1767164405441538,0.26640766238709973,228.4776141424936,926.5092818502205,-1.8937698674816097,15.30497397457853,-0.8421330321905948,1.8679193719403536e-15
Mishin_reference_same_interface,direct_110,65,0.4921875,0.9074863250010667,0.1768857492406452,0.26709781408556843,113.36503177944205,464.6949365211371,-1.852546854380366,15.248820242203434,-0.41900613233828476,4.3717261896476357e-16
Mishin_reference_same_interface,direct_110,65,0.5,0.907594061453421,0.17694189727989854,0.26732847628894085,-8.917457086256101e-14,2.5578863526251047e-14,-1.8313896198925084,15.249304745020938,8.521715519910425e-17,4.17301136284547e-15
unchanged_analytic_research_candidate,shockley_112,33,0.0,0.8164965809270467,2.303676270631682e-15,3.790179943562089e-40,1.0839050052268756e-12,1.6834369237515572e-12,4.945211215251888,22.902007120534204,-3.840424117853926e-15,1.583693173737125e-15
unchanged_analytic_research_candidate,shockley_112,33,0.027063293868263706,0.8172089474597903,0.0017066179738965414,0.0017124458629602568,961.1226896984873,967.6443922552771,4.038075068683899,22.89151691730142,-1.1567055547709373,9.653736143810931e-16
unchanged_analytic_research_candidate,shockley_112,33,0.05412658773652741,0.8191117247258933,0.006363142308193737,0.006442254897729025,1712.6804694930074,1754.7464251069148,3.0035682948904348,22.849340735758055,-2.0071928554926153,2.114627917215728e-15
unchanged_analytic_research_candidate,shockley_112,33,0.08118988160479113,0.821845413585676,0.0132196131775857,0.013553734178368287,2241.7272864107927,2353.0083975448592,1.9677587399350287,22.761619217787292,-2.551351410633425,7.240735788727193e-15
unchanged_analytic_research_candidate,shockley_112,33,0.10825317547305482,0.8250732228912963,0.02152227496954743,0.022389975247034108,2557.371217834762,2758.512451491856,1.0112441081473669,22.621717272853427,-2.819763778750575,1.429412144204889e-15
unchanged_analytic_research_candidate,shockley_112,33,0.13531646934131852,0.8285034169008586,0.030573040629680217,0.032289322973465054,2681.5142138479187,2972.551660292769,0.17544290440135224,22.431749646617185,-2.8569663139716415,8.743006318923108e-15
unchanged_analytic_research_candidate,shockley_112,33,0.16237976320958225,0.8318947813074146,0.039760648153419495,0.042604629404992954,2641.8691957968726,3002.3880393801396,-0.5243640271740282,22.201052789333975,-2.710133428812363,1.3877787807814457e-15
unchanged_analytic_research_candidate,shockley_112,33,0.18944305707784595,0.8350535047328793,0.04857255795327465,0.05272472213941916,2467.6724006370596,2861.755681034456,-1.0875608840536959,21.94344340942977,-2.4231292918008407,5.551115123125783e-17
unchanged_analytic_research_candidate,shockley_112,33,0.21650635094610965,0.8378273907936811,0.056595873670137985,0.062096948228535113,2187.4472947095305,2570.9636765497285,-1.5204561410741058,21.674449619404665,-2.034246405713207,1.942890293094024e-16
unchanged_analytic_research_candidate,shockley_112,33,0.24356964481437335,0.8401004743576601,0.06351299972133195,0.0702492477334536,1828.065589621021,2156.5101663426003,-1.8316667474535833,21.409044742344918,-1.5760231919030865,7.854827899222983e-15
unchanged_analytic_research_candidate,shockley_112,33,0.27063293868263705,0.8417891864655639,0.06909548767321468,0.07681002372978629,1414.5613958612698,1650.1885574231649,-2.0294929136914446,21.160019428317558,-1.0760818855729322,1.817990202823694e-15
unchanged_analytic_research_candidate,shockley_112,33,0.2976962325509008,0.8428402162049123,0.07319804646377319,0.08152413644245543,970.3723142096711,1087.7399604606328,-2.120429089019452,20.936951949413,-0.5584097527151153,3.83026943495679e-15
unchanged_analytic_research_candidate,shockley_112,33,0.3247595264191645,0.8432298297092792,0.07575383575878016,0.08426365094813759,517.8219943300713,507.1712653098628,-2.1083347333606675,20.745685313233913,-0.04480627460911102,1.3183898417423734e-16
unchanged_analytic_research_candidate,shockley_112,33,0.3518228202874282,0.8429643481461111,0.0767716618534881,0.08503246599992688,78.72894637161629,-53.09435455309569,-1.9940618455319816,20.588228061686088,0.443628231861383,2.976785484776201e-15
unchanged_analytic_research_candidate,shockley_112,33,0.3788861141556919,0.8420815843262555,0.07633535070131119,0.08396456989054031,-324.9499788678106,-556.046065760958,-1.7755080451951613,20.46302898557609,0.8850286942404378,5.412337245047638e-16
unchanged_analytic_research_candidate,shockley_112,33,0.40594940802395557,0.8406531802365268,0.07460525326202475,0.08131631214830518,-670.5403403885402,-967.7122382901101,-1.4481935060271574,20.3656160763352,1.2553985969781287,2.8102520310824275e-15
unchanged_analytic_research_candidate,shockley_112,33,0.4330127018922193,0.8387878745893804,0.07182144564642638,0.07745364803467245,-934.2701093821256,-1258.4399289130436,-1.0066103806623026,20.28962151491786,1.5274828043834197,2.5604518505417673e-15
unchanged_analytic_research_candidate,shockley_112,33,0.460075995760483,0.8366356254757789,0.06830760778641044,0.07283572040520776,-1091.2983133759785,-1403.7382239345748,-0.44680433923617435,20.22821508793698,1.6701773253930474,2.9698465908722937e-15
unchanged_analytic_research_candidate,shockley_112,33,0.4871392896287467,0.8343920169362198,0.0644736472810862,0.06799633184987751,-1116.4850268639475,-1384.6656927434387,0.22912400439740793,20.175899872832204,1.6490422059439198,1.5916087892087205e-15
unchanged_analytic_research_candidate,shockley_112,33,0.5142025834970104,0.8323012375029608,0.06081372812528173,0.06352480588355047,-986.3886658911009,-1187.812540065724,1.0059308298125207,20.130429319195482,1.4288452716531876,1.6354105569771349e-15
unchanged_analytic_research_candidate,shockley_112,33,0.5412658773652741,0.8306540103659688,0.05789452361381748,0.06004745281118409,-683.0430866313748,-804.9894397278124,1.8458301746459596,20.09423674685108,0.9793187180337327,4.083539062449404e-15
unchanged_analytic_research_candidate,shockley_112,33,0.5683291712335379,0.8297747181786741,0.05632699057630924,0.05821038928834426,-199.74866158998833,-232.77928938807432,2.679860297100708,20.07430020229442,0.2848975600275386,1.3981871216373065e-15
unchanged_analytic_research_candidate,shockley_112,33,0.5953924651018015,0.8299916326521853,0.056715805727901615,0.05866387950900456,452.00796729835713,527.8701431857922,3.407527649322693,20.07919592660993,-0.6427280535308668,3.981190377366772e-15
unchanged_analytic_research_candidate,shockley_112,33,0.6224557589700652,0.8315890867697151,0.05958680917708384,0.062047753004316315,1237.3031119323525,1471.838130346149,3.9140990455484364,20.112988658281104,-1.7540533712987383,2.114627917215728e-15
unchanged_analytic_research_candidate,shockley_112,33,0.649519052838329,0.8347520516819212,0.06530522034486247,0.0689768969274513,2098.3298330696734,2589.6619206815158,4.106536035310439,20.16795629206333,-2.9609578929926528,1.1011807785066274e-14
unchanged_analytic_research_candidate,shockley_112,33,0.6765823467065927,0.8395252633779064,0.07400986961715761,0.08002540601173365,2963.226245481582,3866.9147966525,3.950903142981982,20.22050478363262,-4.150966465436266,1.968911145233676e-15
unchanged_analytic_research_candidate,shockley_112,33,0.7036456405748563,0.845807573377847,0.08558916269393806,0.0957077824318098,3760.6586657324838,5283.115527568053,3.4852823787557536,20.234004567433125,-5.21275361603314,9.471590178833367e-16
unchanged_analytic_research_candidate,shockley_112,33,0.73070893444312,0.8533837036814806,0.09970766676398121,0.1164556827324329,4433.505963089242,6810.248837108628,2.799408989377934,20.16797443750075,-6.0607727594737755,1.394717674685353e-15
unchanged_analytic_research_candidate,shockley_112,33,0.7577722283113838,0.8619753908390743,0.11586953652773782,0.14258916664391919,4946.049085650486,8411.085238371215,1.9983233693055005,19.98889866906742,-6.648136779369031,4.038436252074007e-15
unchanged_analytic_research_candidate,shockley_112,33,0.7848355221796475,0.8712891562302927,0.1334936426059687,0.17428224353624153,5283.859968950899,10037.600905080799,1.1732422991738978,19.677816396719457,-6.965710967148543,7.28583859910259e-16
unchanged_analytic_research_candidate,shockley_112,33,0.8118988160479111,0.8810477407323305,0.15197963717303262,0.2115237240334636,5449.238112130533,11629.898697634735,0.38911003193616,19.232800444350445,-7.032624130746806,3.95516952522712e-16
unchanged_analytic_research_candidate,shockley_112,33,0.8389621099161749,0.891004136614732,0.1707555687986116,0.25407589053216834,5455.4912272354695,13116.098302689637,-0.3150158818801554,18.66724448385743,-6.884614987253155,3.941291737419306e-15
unchanged_analytic_research_candidate,shockley_112,33,0.8660254037844386,0.9009433291343385,0.18930686084888848,0.30143514077623274,5321.9981440095235,14413.670058178339,-0.920121003366682,18.005896457583724,-6.564154441497503,2.588207426157396e-15
unchanged_analytic_research_candidate,shockley_112,65,0.0,0.8164965809270467,2.303676270631682e-15,3.790179943562089e-40,1.0839050052268756e-12,1.6834369237515572e-12,4.945211215251888,22.902007120534204,-3.840424117853926e-15,1.583693173737125e-15
unchanged_analytic_research_candidate,shockley_112,65,0.013531646934131853,0.8166816913694297,0.0004401502938805828,0.0004405429750240464,504.8236499484193,505.7213775359163,4.51701993074436,22.899709287500926,-0.6149080258907486,3.386505485758473e-15
unchanged_analytic_research_candidate,shockley_112,65,0.027063293868263706,0.8172089474597906,0.0017066179738968632,0.0017124458629602568,961.1226896984862,967.6443922552771,4.038075068683894,22.891516917301303,-1.156705554770936,8.588615929561172e-15
unchanged_analytic_research_candidate,shockley_112,65,0.04059494080239556,0.8180341210924039,0.0037120034096517793,0.003739240155206012,1364.5389810937538,1384.3750805853444,3.527831084423547,22.875377507920575,-1.6211750414668993,9.211381657436846e-16
unchanged_analytic_research_candidate,shockley_112,65,0.05412658773652741,0.8191117247258934,0.006363142308192994,0.006442254897729025,1712.6804694930022,1754.7464251069148,3.0035682948904303,22.849340735757966,-2.0071928554926113,1.7694179454963432e-15
unchanged_analytic_research_candidate,shockley_112,65,0.06765823467065926,0.8203966526951887,0.009564259836328191,0.009741024176397207,2004.8494441513697,2077.839559584597,2.479732757351409,22.811794971533903,-2.3161529400578225,6.626643678231403e-16
unchanged_analytic_research_candidate,shockley_112,65,0.08118988160479113,0.8218454135856761,0.013219613177586041,0.013553734178368287,2241.72728641079,2353.0083975448592,1.967758739935027,22.761619217787356,-2.5513514106334205,2.2100377083944522e-15
unchanged_analytic_research_candidate,shockley_112,65,0.09472152853892297,0.8234169673750708,0.017235587801000627,0.017797714437437114,2425.059755605858,2579.9061886078343,1.476231189890329,22.698255685916518,-2.71740732256233,1.0373646386341306e-15
unchanged_analytic_research_candidate,shockley_112,65,0.10825317547305482,0.8250732228912961,0.021522274969547187,0.022389975247034108,2557.37121783476,2758.512451491856,1.0112441081473684,22.621717272853452,-2.819763778750565,1.0200174038743626e-15
unchanged_analytic_research_candidate,shockley_112,65,0.12178482240718667,0.8267792693558104,0.025994594331043865,0.02724779054940652,2641.722194751403,2889.1587292150093,0.5768387457328961,22.532547478729462,-2.8642874413276043,2.0816681711721685e-17
unchanged_analytic_research_candidate,shockley_112,65,0.13531646934131852,0.8285034169008589,0.030573040629680043,0.032289322973465054,2681.5142138479114,2972.551660292769,0.1754429044013519,22.431749646617074,-2.8569663139716317,1.1310397063368782e-15
unchanged_analytic_research_candidate,shockley_112,65,0.1488481162754504,0.8302171120845961,0.03518413430290792,0.03743428518383369,2680.339432230907,3009.791958391152,-0.19173326008448155,22.32069965859971,-2.8036951647830612,1.0755285551056204e-15
unchanged_analytic_research_candidate,shockley_112,65,0.16237976320958225,0.8318947813074149,0.039760648153419564,0.042604629404992954,2641.8691957968663,3002.3880393801396,-0.524364027174024,22.201052789333893,-2.7101334288123446,4.933553565678039e-15
unchanged_analytic_research_candidate,shockley_112,65,0.1759114101437141,0.8335136414197443,0.04424167107218881,0.04772525497552394,2569.7746062625215,2952.2632250211145,-0.8227402665817005,22.07465214610637,-2.5816198051103187,7.424616477180734e-16
unchanged_analytic_research_candidate,shockley_112,65,0.18944305707784595,0.8350535047328793,0.04857255795327465,0.05272472213941916,2467.6724006370596,2861.755681034456,-1.0875608840536959,21.94344340942977,-2.4231292918008407,5.551115123125783e-17
unchanged_analytic_research_candidate,shockley_112,65,0.20297470401197779,0.8364965958998236,0.05270480413871944,0.057535959053450055,2339.0903275061514,2733.610506873197,-1.3197738003434079,21.809398533568242,-2.239260841330578,3.941291737419306e-15
unchanged_analytic_research_candidate,shockley_112,65,0.21650635094610965,0.8378273907936808,0.05659587367013901,0.062096948228535113,2187.4472947095333,2570.9636765497285,-1.5204561410741075,21.674449619404683,-2.0342464057132106,2.796374243274613e-15
unchanged_analytic_research_candidate,shockley_112,65,0.2300379978802415,0.8390324822909443,0.060209003426715785,0.06635137835838431,2016.0446165678293,2377.317824442961,-1.6907243643068974,21.540433218316817,-1.811974481029858,4.225786387479502e-15
unchanged_analytic_research_candidate,shockley_112,65,0.24356964481437335,0.8401004743576603,0.06351299972133234,0.0702492477334536,1828.0655896210178,2156.5101663426003,-1.8316667474535804,21.409044742344772,-1.5760231919030807,2.0122792321330962e-15
unchanged_analytic_research_candidate,shockley_112,65,0.2571012917485052,0.8410219036334008,0.06648203980526525,0.07374740618527288,1626.5813376147846,1912.6731327583054,-1.9442924423063592,21.281802336246948,-1.3296994566369094,1.8457457784393227e-15
unchanged_analytic_research_candidate,shockley_112,65,0.27063293868263705,0.8417891864655639,0.06909548767321468,0.07681002372978629,1414.5613958612698,1650.1885574231649,-2.0294929136914446,21.160019428317558,-1.0760818855729322,1.817990202823694e-15
unchanged_analytic_research_candidate,shockley_112,65,0.28416458561676894,0.8423965887926538,0.07133773127289322,0.07940897573264843,1194.8878778663682,1373.6364981882098,-2.0880129022580967,21.044785159147075,-0.8180658567167529,2.3314683517128287e-15
unchanged_analytic_research_candidate,shockley_112,65,0.2976962325509008,0.8428402162049122,0.07319804646377316,0.08152413644245543,970.3723142096709,1087.7399604606328,-2.1204290890194573,20.936951949413046,-0.5584097527151151,1.790234627208065e-15
unchanged_analytic_research_candidate,shockley_112,65,0.3112278794850326,0.8431180217723485,0.07467049164705092,0.08314357505046342,743.7744038421733,797.3069369084424,-2.1271354297985337,20.83712958123073,-0.29978169059001586,4.649058915617843e-15
unchanged_analytic_research_candidate,shockley_112,65,0.3247595264191645,0.8432298297092791,0.07575383575878143,0.08426365094813759,517.8219943300704,507.1712653098628,-2.1083347333606723,20.745685313234,-0.044806274609108965,6.1825544683813405e-15
unchanged_analytic_research_candidate,shockley_112,65,0.33829117335329634,0.843177373548694,0.07645152116712259,0.0848890074673331,295.2316262162575,222.13383551553252,-2.064036545936479,20.66274971320573,0.2038890176937483,8.659739592076221e-15
unchanged_analytic_research_candidate,shockley_112,65,0.3518228202874282,0.842964348146111,0.0767716618534878,0.08503246599992688,78.72894637161616,-53.09435455309569,-1.9940618455319825,20.58822806168615,0.4436282318613842,2.699229728619912e-15
unchanged_analytic_research_candidate,shockley_112,65,0.36535446722156,0.8425964754359556,0.07672707600333978,0.08471482490157019,-128.93178244641052,-313.94588355360406,-1.8980555080225838,20.52181734334291,0.6716426612142692,2.0816681711721685e-17
unchanged_analytic_research_candidate,shockley_112,65,0.3788861141556919,0.8420815843262556,0.0763353507013113,0.08396456989054031,-324.94997886780936,-556.046065760958,-1.7755080451951581,20.463028985575985,0.8850286942404323,7.029099524658022e-15
unchanged_analytic_research_candidate,shockley_112,65,0.39241776108982374,0.8414297053195068,0.0756189347172923,0.08281750466939643,-506.463944325573,-775.2565103200967,-1.6257887855079631,20.411217606975285,1.080708970146727,7.147060721024445e-16
unchanged_analytic_research_candidate,shockley_112,65,0.40594940802395557,0.8406531802365269,0.07460525326202481,0.08131631214830518,-670.5403403885414,-967.7122382901101,-1.4481935060271574,20.365616076335144,1.2553985969781263,8.673617379884035e-16
unchanged_analytic_research_candidate,shockley_112,65,0.41948105495808746,0.8397667866024316,0.07332683592962337,0.07951005787495595,-814.169686608093,-1129.8517766346947,-1.2420105270820079,20.325377121025706,1.4055789741257216,8.389122729823839e-15
unchanged_analytic_research_candidate,shockley_112,65,0.4330127018922193,0.8387878745893808,0.07182144564642855,0.07745364803467245,-934.2701093821216,-1258.4399289130436,-1.0066103806623004,20.28962151491778,1.5274828043834083,5.162537064506978e-15
unchanged_analytic_research_candidate,shockley_112,65,0.44654434882635113,0.8377365116161806,0.07013219211392716,0.0752072546527541,-1027.702173079018,-1350.5832108322984,-0.7415651753034583,20.257492460716165,1.6170951974120449,3.944761184371259e-15
unchanged_analytic_research_candidate,shockley_112,65,0.460075995760483,0.8366356254757791,0.06830760778640968,0.07283572040520776,-1091.2983133759733,-1403.7382239345748,-0.446804339236173,20.22821508793696,1.6701773253930374,1.609823385706477e-15
unchanged_analytic_research_candidate,shockley_112,65,0.47360764269461486,0.8355111309284465,0.0664016577705331,0.07040795473892983,-1121.9110906641479,-1415.7135120010769,-0.12281290812985508,20.201158940887563,1.6823207686756398,3.4208746946262636e-15
unchanged_analytic_research_candidate,shockley_112,65,0.4871392896287467,0.8343920169362199,0.06447364728108657,0.06799633184987751,-1116.4850268639439,-1384.6656927434387,0.22912400439740696,20.175899872832254,1.6490422059439176,2.3696322681843185e-15
unchanged_analytic_research_candidate,shockley_112,65,0.5006709365628785,0.8333103623296676,0.06258798191832457,0.06567609951525218,-1072.1569037287552,-1309.0908737868203,0.6066326947904847,20.152275890255044,1.5659289554490283,6.525704455973003e-15
unchanged_analytic_research_candidate,shockley_112,65,0.5142025834970104,0.8323012375029608,0.06081372812528173,0.06352480588355047,-986.3886658911009,-1187.812540065724,1.0059308298125207,20.130429319195482,1.4288452716531876,1.6354105569771349e-15
unchanged_analytic_research_candidate,shockley_112,65,0.5277342304311423,0.8314024404796031,0.05922391565335547,0.06162174916484206,-857.134941541346,-1019.9672343257624,1.4215042809509884,20.110825508928503,1.234206173441907,4.787836793695988e-16
unchanged_analytic_research_candidate,shockley_112,65,0.5412658773652741,0.8306540103659686,0.05789452361381831,0.06004745281118409,-683.0430866313767,-804.9894397278124,1.8458301746459655,20.094236746851127,0.9793187180337377,3.469446951953614e-17
unchanged_analytic_research_candidate,shockley_112,65,0.554797524299406,0.8300974640707423,0.05690310050851842,0.058883166317054876,-463.6771765891227,-542.5971112366074,2.269218283171682,20.081680053470954,0.6627790828658716,2.662800535624399e-15
unchanged_analytic_research_candidate,shockley_112,65,0.5683291712335379,0.8297747181786742,0.05632699057630925,0.05821038928834426,-199.74866158998756,-232.77928938807432,2.679860297100709,20.07430020229429,0.284897560027539,5.38978583985994e-15
unchanged_analytic_research_candidate,shockley_112,65,0.5818608181676697,0.8297266911784332,0.05624117687845556,0.058110414013522745,106.67339060272307,124.21283401698516,3.0641773254515132,20.07319570315393,-0.15189557847871235,4.876307690970805e-15
unchanged_analytic_research_candidate,shockley_112,65,0.5953924651018015,0.8299916326521855,0.05671580572790079,0.05866387950900456,452.0079672983553,527.8701431857922,3.4075276493226876,20.079195926609835,-0.6427280535308657,2.373101715136272e-15
unchanged_analytic_research_candidate,shockley_112,65,0.6089241120359334,0.8306032900455153,0.057813522039084846,0.059950327988259555,831.102686531034,977.4240271767927,3.6952720083128123,20.092610912352885,-1.1801215209185136,7.50267903359969e-15
unchanged_analytic_research_candidate,shockley_112,65,0.6224557589700652,0.8315890867697151,0.05958680917708384,0.062047753004316315,1237.3031119323525,1471.838130346149,3.9140990455484364,20.112988658281104,-1.7540533712987383,2.114627917215728e-15
unchanged_analytic_research_candidate,shockley_112,65,0.6359874059041971,0.8329685278786084,0.062075572980547514,0.06503212721810012,1662.668868093627,2009.792801648354,4.053414679673365,20.13892323389799,-2.352285711428829,1.9034253340155516e-15
unchanged_analytic_research_candidate,shockley_112,65,0.649519052838329,0.8347520516819217,0.06530522034486275,0.0689768969274513,2098.3298330696634,2589.6619206815158,4.106536035310421,20.167956292063163,-2.9609578929926292,2.4212402915946285e-15
unchanged_analytic_research_candidate,shockley_112,65,0.6630506997724608,0.8369404970526012,0.0692854470921901,0.07395243022581907,2534.9477701899423,3209.4821194657948,4.071439464132544,20.196602180153107,-3.565385868026967,3.9430264608952825e-15
unchanged_analytic_research_candidate,shockley_112,65,0.6765823467065927,0.8395252633779067,0.07400986961715689,0.08002540601173365,2963.2262454815727,3866.9147966525,3.9509031429819697,20.220504783632602,-4.150966465436256,5.533767888366015e-15
unchanged_analytic_research_candidate,shockley_112,65,0.6901139936407245,0.8424891266898961,0.07945652620159079,0.08725813209898152,3374.4021531087465,4559.201730085881,3.752030030023654,20.234708537417557,-4.704062601160861,2.0435042547006788e-15
unchanged_analytic_research_candidate,shockley_112,65,0.7036456405748563,0.845807573377847,0.08558916269393806,0.0957077824318098,3760.6586657324838,5283.115527568053,3.4852823787557536,20.234004567433125,-5.21275361603314,9.471590178833367e-16
unchanged_analytic_research_candidate,shockley_112,65,0.7171772875089882,0.8494504488217478,0.09235912925382384,0.10542554592391251,4115.419010245862,6034.906605301654,3.163252232553362,20.21330183813932,-5.667369195445527,3.0531133177191805e-16
unchanged_analytic_research_candidate,shockley_112,65,0.73070893444312,0.8533837036814805,0.09970766676398116,0.1164556827324329,4433.505963089255,6810.248837108628,2.799408989377943,20.167974437500803,-6.060772759473784,3.1225022567582528e-15
unchanged_analytic_research_candidate,shockley_112,65,0.7442405813772519,0.8575710495304122,0.10756835653301432,0.12883448784284693,4711.175487494455,7604.186460353457,2.407015766646728,20.094147290023667,-6.388405740389477,2.609024107869118e-15
unchanged_analytic_research_candidate,shockley_112,65,0.7577722283113838,0.8619753908390743,0.11586953652773782,0.14258916664391919,4946.049085650486,8411.085238371215,1.9983233693055005,19.98889866906742,-6.648136779369031,4.038436252074007e-15
unchanged_analytic_research_candidate,shockley_112,65,0.7713038752455156,0.86655996249443,0.12453653693244997,0.1577366326463753,5136.976522119619,9224.591242530261,1.5840683945634506,19.85037382103345,-6.8399754857789485,2.6645352591003757e-15
unchanged_analytic_research_candidate,shockley_112,65,0.7848355221796475,0.8712891562302928,0.13349364260596788,0.17428224353624153,5283.859968950893,10037.600905080799,1.1732422991738947,19.677816396719397,-6.96571096714853,3.795574965437254e-15
unchanged_analytic_research_candidate,shockley_112,65,0.7983671691137794,0.8761290580340434,0.14266573915685896,0.19221849820210796,5387.465198480351,10842.246179332986,0.7730674902973012,19.471531907709803,-7.028526012331422,7.494005416219807e-16
unchanged_analytic_research_candidate,shockley_112,65,0.8118988160479111,0.8810477407323305,0.15197963717303262,0.2115237240334636,5449.238112130533,11629.898697634735,0.38911003193616,19.232800444350445,-7.032624130746806,3.95516952522712e-16
unchanged_analytic_research_candidate,shockley_112,65,0.825430462982043,0.8860153644301976,0.1613650942971735,0.23216079040417587,5471.1377609367555,12391.196711246792,0.02546728986908464,18.96375561682245,-6.982892833164318,2.8033131371785203e-15
unchanged_analytic_research_candidate,shockley_112,65,0.8389621099161749,0.8910041366147322,0.1707555687986126,0.25407589053216834,5455.491227235452,13116.098302689637,-0.3150158818801585,18.667244483857317,-6.884614987253128,1.4155343563970746e-15
unchanged_analytic_research_candidate,shockley_112,65,0.8524937568503067,0.895988177643239,0.1800887437623689,0.27719743950197345,5404.871648635186,13793.96385799718,-0.6305329763163552,18.34668024604709,-6.743231659188666,1.4155343563970746e-15
unchanged_analytic_research_candidate,shockley_112,65,0.8660254037844386,0.9009433291343386,0.1893068608488886,0.30143514077623274,5321.99814400952,14413.670058178339,-0.9201210033666809,18.005896457583706,-6.564154441497495,2.1649348980190553e-15
Mishin_reference_same_interface,shockley_112,33,0.0,0.8164983416260694,-3.047592733729232e-11,0.0,-1.7218101562834808e-12,1.565432669430745e-13,4.393546621110361,19.66074471421827,-2.090769511331776e-15,3.71109156781826e-15
Mishin_reference_same_interface,shockley_112,33,0.027063293868263706,0.8169524354165852,0.0015551421856678516,0.0015571824920778826,887.1924858628612,889.2154977671914,3.8357520261749665,19.622583199203945,-0.5649483619271862,8.876963903552976e-16
Mishin_reference_same_interface,shockley_112,33,0.05412658773652741,0.8178143677662012,0.005882194687826442,0.005899053760948,1593.8258872081321,1600.5728185507658,2.7618759781846887,19.370517057950277,-0.6544486445449952,2.8888167946364776e-15
Mishin_reference_same_interface,shockley_112,33,0.08118988160479113,0.8187420484601814,0.012225126817948795,0.01227327657461294,2055.60203284417,2066.918519879684,1.55859639512971,19.025680189375663,-0.6534031197621375,2.7323288685297725e-16
Mishin_reference_same_interface,shockley_112,33,0.10825317547305482,0.8197314990154414,0.019718744075319955,0.019818855761763177,2271.892372558987,2292.507191845168,0.6127804853726678,18.77873930872717,-0.7511615943246929,1.5772989377421868e-15
Mishin_reference_same_interface,shockley_112,33,0.13531646934131852,0.8210948616125344,0.0276821556536323,0.02788981274800248,2344.3419778484154,2390.455880530757,0.06326383021031648,19.098597657900825,-1.2156036710892177,3.865003381302114e-15
Mishin_reference_same_interface,shockley_112,33,0.16237976320958225,0.8233193397143701,0.03568119747905438,0.036140722823702315,2287.4155606621166,2401.0140934347364,-0.5779160495098569,18.84828049414139,-1.9837642244652567,1.9871482680216526e-16
Mishin_reference_same_interface,shockley_112,33,0.18944305707784595,0.826986613651994,0.04328462982135001,0.04438256452121456,2130.3800159966604,2391.0008549845893,-0.7948841128361515,18.62857935828844,-2.8721621133342015,6.358874457669288e-16
Mishin_reference_same_interface,shockley_112,33,0.21650635094610965,0.8314037831488591,0.05029250320455349,0.052534336577178986,1940.2336932297987,2344.8694986381256,-1.0358062126346659,18.273174647442076,-3.107304119451976,4.570441016449801e-16
Mishin_reference_same_interface,shockley_112,33,0.24356964481437335,0.8360845111372338,0.056536828047378807,0.060390809177560484,1682.96426550933,2211.0062786991725,-1.3602588188104523,17.62963898366477,-3.0762203678227347,1.0929315474119089e-16
Mishin_reference_same_interface,shockley_112,33,0.27063293868263705,0.840794845368996,0.06180116034984833,0.06758099250079205,1379.3286870754712,1949.1125678741344,-1.4186456514557968,16.99816493331988,-2.8362318940735354,1.0333170993712594e-15
Mishin_reference_same_interface,shockley_112,33,0.2976962325509008,0.8447624939841415,0.06604020508003566,0.07364821175539318,1096.7913040674464,1569.2287532392672,-1.176854815069631,17.057475840396307,-2.1513222282747764,9.538311686503932e-16
Mishin_reference_same_interface,shockley_112,33,0.3247595264191645,0.8477119810666536,0.06941705101581301,0.07831842147728524,876.4346445615435,1149.3731202722538,-0.9269349701799608,16.623070821299585,-1.5686637522985647,1.2121604434932081e-15
Mishin_reference_same_interface,shockley_112,33,0.3518228202874282,0.8497767065905439,0.07212236170241956,0.08157560684787812,707.4120007967595,749.514855706242,-0.6809992693544663,15.807573122697224,-0.9021144863666511,4.3717261896476357e-16
Mishin_reference_same_interface,shockley_112,33,0.3788861141556919,0.8507795003110269,0.07429934232721935,0.08349231700530005,553.1096234710487,369.04190145753876,-0.8767367016790168,14.666326107669938,-0.2699603248317936,9.339596859701768e-16
Mishin_reference_same_interface,shockley_112,33,0.40594940802395557,0.8507438891688881,0.07579661475683233,0.08409827344662367,297.46140679873815,-18.179050912831194,-1.4354516235776293,13.467454637271361,0.42568593318548026,2.1858630948238178e-16
Mishin_reference_same_interface,shockley_112,33,0.4330127018922193,0.848891832978163,0.0762329667641075,0.0833416126053767,-61.1518475945366,-425.7463678652145,-1.8602913152527947,12.685923826944954,1.2422202862411127,2.5832927484281482e-15
Mishin_reference_same_interface,shockley_112,33,0.460075995760483,0.8459936617497029,0.075361768564688,0.08124414989532873,-436.8435097524856,-781.2637069836159,-1.5998257677381915,12.697958544957404,1.4473997557761082,3.1893729701747523e-15
Mishin_reference_same_interface,shockley_112,33,0.4871392896287467,0.8427903942604149,0.07334010208639814,0.07809165608657309,-718.2634388256358,-1028.5307149613996,-0.9917527357317488,12.954512004975097,1.5784215720208348,3.636481330479624e-15
Mishin_reference_same_interface,shockley_112,33,0.5142025834970104,0.8396509262236462,0.07064467686297672,0.07445556274027029,-803.3522088455429,-1040.0561187536953,0.2900758329869648,13.46787199909963,1.4358878362884346,1.1227387714322338e-15
Mishin_reference_same_interface,shockley_112,33,0.5412658773652741,0.8371107709678519,0.06816145590946081,0.07128562338004463,-594.3602129411267,-756.4442245839216,1.630660470872518,14.013984749574293,1.1094726023418584,9.190560739600144e-16
Mishin_reference_same_interface,shockley_112,33,0.5683291712335379,0.8357555636260457,0.06680667510747346,0.06955912028061362,-170.2677137429785,-215.05901990179598,2.305879869271009,14.13387553359127,0.2922502557980965,5.166585496856297e-16
Mishin_reference_same_interface,shockley_112,33,0.5953924651018015,0.8360434690497237,0.06712963668298456,0.06996154746750648,375.09159518245735,467.95092793731834,2.7756350450681047,14.110205885409993,-0.5969404314126916,2.3597385682757124e-15
Mishin_reference_same_interface,shockley_112,33,0.6224557589700652,0.8380711982580142,0.06946736047262106,0.0728889654473564,992.4027096648982,1253.950909345351,2.9628157857279103,13.916520704832049,-1.5056207229227212,3.288730383575835e-15
Mishin_reference_same_interface,shockley_112,33,0.649519052838329,0.8419260522835054,0.07395549654820224,0.07878313674154108,1615.5275442721806,2206.8922164971077,2.8347433338461525,13.594101615418802,-2.404456187472304,1.967276785341436e-15
Mishin_reference_same_interface,shockley_112,33,0.6765823467065927,0.8476770323530269,0.0805200930618245,0.08821856168930638,2198.3369499503588,3305.763885954037,2.6184601349746126,13.81397938702608,-3.472092172801385,7.849235658685528e-16
Mishin_reference_same_interface,shockley_112,33,0.7036456405748563,0.8551430883204103,0.08902973929465782,0.1016197545131057,2757.3391352492254,4506.741354209191,2.6534189792938694,14.442628604705776,-4.256961683570342,4.570441016449801e-16
Mishin_reference_same_interface,shockley_112,33,0.73070893444312,0.8633991651153359,0.09948608974429773,0.1192159912928983,3332.287105816285,5737.714112547668,2.7063424655830874,15.12210935639693,-4.700934235800972,1.7884334412194873e-16
Mishin_reference_same_interface,shockley_112,33,0.7577722283113838,0.8718230771409538,0.1119117435125372,0.14103999454121058,3894.2742851917856,6963.166459218299,2.5110711877684704,15.57131686529139,-4.8972603696196115,6.756304111273619e-16
Mishin_reference_same_interface,shockley_112,33,0.7848355221796475,0.8803417357574009,0.12616701731622054,0.16702404656423966,4400.52475829881,8154.119471679941,2.3843380240911216,16.202316539064682,-4.91730290399517,3.3384090902763765e-15
Mishin_reference_same_interface,shockley_112,33,0.8118988160479111,0.8884991370418571,0.14212879241198875,0.19699060566024013,4869.606662131028,9274.346773695583,1.8002887805419374,16.584220640595404,-5.134448689148158,1.4307467529755899e-15
Mishin_reference_same_interface,shockley_112,33,0.8389621099161749,0.8974174774471564,0.15936704815680103,0.23061343154344394,5117.190403408106,10272.91122153276,0.47175066730765924,16.092563838704972,-5.665877256656695,2.5832927484281482e-15
Mishin_reference_same_interface,shockley_112,33,0.8660254037844386,0.907594061453421,0.17694189727989845,0.26732847628894096,5064.830437070873,11048.50128898423,-0.8702560625988027,15.249304745020916,-6.01818231206409,1.0333170993712594e-15
Mishin_reference_same_interface,shockley_112,65,0.0,0.8164983416260694,-3.047592733729232e-11,0.0,-1.7218101562834808e-12,1.565432669430745e-13,4.393546621110361,19.66074471421827,-2.090769511331776e-15,3.71109156781826e-15
Mishin_reference_same_interface,shockley_112,65,0.013531646934131853,0.8166187748065956,0.000395786458084052,0.0003959332993804521,456.8656295551993,457.1985401024286,4.173022831990072,19.6647174300436,-0.3457285413769414,1.834386244917488e-15
Mishin_reference_same_interface,shockley_112,65,0.027063293868263706,0.8169524354165851,0.0015551421856679626,0.0015571824920778826,887.1924858628678,889.2154977671914,3.8357520261749642,19.62258319920395,-0.5649483619271924,2.0970624065966002e-15
Mishin_reference_same_interface,shockley_112,65,0.04059494080239556,0.8173658710568144,0.003414800936496293,0.0034221798333994163,1268.7637093361382,1273.036762413677,3.322383209524291,19.50190031374306,-0.6264578061081784,2.2181542541791697e-15
Mishin_reference_same_interface,shockley_112,65,0.05412658773652741,0.8178143677662013,0.00588219468782647,0.005899053760948,1593.825887208133,1600.5728185507658,2.761875978184688,19.37051705795026,-0.6544486445449974,5.837248037313605e-17
Mishin_reference_same_interface,shockley_112,65,0.06765823467065926,0.8182782777519044,0.008855154095663398,0.008885753214481457,1856.9399693134606,1866.125290039134,2.1709272095039363,19.219297805521784,-0.664835381569765,3.7259030025405985e-16
Mishin_reference_same_interface,shockley_112,65,0.08118988160479113,0.8187420484601814,0.012225126817948795,0.01227327657461294,2055.60203284417,2066.918519879684,1.55859639512971,19.025680189375663,-0.6534031197621375,2.7323288685297725e-16
Mishin_reference_same_interface,shockley_112,65,0.09472152853892297,0.8192187669090536,0.01588092317765577,0.015950994421162157,2190.20135947205,2204.7961099256863,0.9736519729903181,18.805505510193637,-0.6883322673359051,1.5922025497523492e-15
Mishin_reference_same_interface,shockley_112,65,0.10825317547305482,0.8197314990154414,0.019718744075319955,0.019818855761763177,2271.892372558987,2292.507191845168,0.6127804853726678,18.77873930872717,-0.7511615943246929,1.5772989377421868e-15
Mishin_reference_same_interface,shockley_112,65,0.12178482240718667,0.8203331991408175,0.023669297296562405,0.02381240608401547,2322.6329708012468,2352.9059781994356,0.3402085420649127,19.00646971953506,-0.9434113217585338,3.3682163142967013e-15
Mishin_reference_same_interface,shockley_112,65,0.13531646934131852,0.8210948616125344,0.0276821556536323,0.02788981274800248,2344.3419778484154,2390.455880530757,0.06326383021031648,19.098597657900825,-1.2156036710892177,3.865003381302114e-15
Mishin_reference_same_interface,shockley_112,65,0.1488481162754504,0.8220739115013195,0.03170590914243274,0.03201242439032198,2334.5368818448856,2405.1664553093037,-0.2590676293576212,19.01827958230213,-1.5533781886459364,1.8430800185900827e-15
Mishin_reference_same_interface,shockley_112,65,0.16237976320958225,0.82331933971437,0.03568119747905436,0.036140722823702315,2287.4155606621166,2401.0140934347364,-0.5779160495098532,18.848280494141463,-1.9837642244652647,3.427830762337351e-15
Mishin_reference_same_interface,shockley_112,65,0.1759114101437141,0.8249838476195926,0.03955230235403198,0.04026500103931385,2215.327705622394,2400.488167101112,-0.8110358096982209,18.645343009418095,-2.6265943507399108,9.538311686503932e-16
Mishin_reference_same_interface,shockley_112,65,0.18944305707784595,0.8269866136519939,0.04328462982134995,0.04438256452121456,2130.3800159966645,2391.0008549845893,-0.7948841128361527,18.628579358288434,-2.8721621133342006,4.967870670054132e-16
Mishin_reference_same_interface,shockley_112,65,0.20297470401197779,0.8291417295269577,0.04686968563629844,0.04847735358463326,2041.9313922587787,2375.0378075997596,-0.8801488198259246,18.50004061018706,-3.029584498492094,2.871429247291288e-15
Mishin_reference_same_interface,shockley_112,65,0.21650635094610965,0.8314037831488591,0.05029250320455349,0.052534336577178986,1940.2336932297987,2344.8694986381256,-1.0358062126346659,18.273174647442076,-3.107304119451976,4.570441016449801e-16
Mishin_reference_same_interface,shockley_112,65,0.2300379978802415,0.833729135769144,0.05352537400340404,0.05652008506298001,1820.4289966155777,2291.107644592851,-1.2121621084215954,17.973545601325256,-3.112424008009249,4.073653949444388e-16
Mishin_reference_same_interface,shockley_112,65,0.24356964481437335,0.8360845111372338,0.056536828047378807,0.060390809177560484,1682.96426550933,2211.0062786991725,-1.3602588188104523,17.62963898366477,-3.0762203678227347,1.0929315474119089e-16
Mishin_reference_same_interface,shockley_112,65,0.2571012917485052,0.8384506002712776,0.05930031324052037,0.06409887706285178,1532.856763918805,2099.158997210111,-1.4440309862637735,17.178792162242335,-3.0089512394452433,2.3945136629660914e-15
Mishin_reference_same_interface,shockley_112,65,0.27063293868263705,0.840794845368996,0.06180116034984833,0.06758099250079205,1379.3286870754712,1949.1125678741344,-1.4186456514557968,16.99816493331988,-2.8362318940735354,1.0333170993712594e-15
Mishin_reference_same_interface,shockley_112,65,0.28416458561676894,0.8429153177804107,0.06404256335226004,0.07077846238375853,1231.7165289852,1769.2890686574362,-1.3361309919215145,17.049999926693392,-2.4964704902656076,1.0134456166910428e-15
Mishin_reference_same_interface,shockley_112,65,0.2976962325509008,0.8447624939841417,0.0660402050800355,0.07364821175539318,1096.7913040674491,1569.2287532392672,-1.176854815069622,17.05747584039631,-2.1513222282747786,2.7025216445094477e-15
Mishin_reference_same_interface,shockley_112,65,0.3112278794850326,0.8463342683907366,0.06782289453328556,0.07616424888869056,981.3825151385945,1359.2730989854283,-1.030643305734427,16.9360661046005,-1.8414264870157844,1.5301041663766725e-15
Mishin_reference_same_interface,shockley_112,65,0.3247595264191645,0.8477119810666534,0.06941705101581278,0.07831842147728524,876.4346445615491,1149.3731202722538,-0.9269349701799701,16.62307082129962,-1.5686637522985687,3.974296536043305e-17
Mishin_reference_same_interface,shockley_112,65,0.33829117335329634,0.8488720168757219,0.0708420172893261,0.08011846635711738,785.0693483763342,947.6268931233545,-0.787267052034912,16.256117210073032,-1.2476255676503092,1.0730600647316923e-15
Mishin_reference_same_interface,shockley_112,65,0.3518228202874282,0.8497767065905439,0.07212236170241956,0.08157560684787812,707.4120007967595,749.514855706242,-0.6809992693544663,15.807573122697224,-0.9021144863666511,4.3717261896476357e-16
Mishin_reference_same_interface,shockley_112,65,0.36535446722156,0.8504093401718055,0.07327581100949765,0.08269699905502631,635.2815423497466,557.1068451124887,-0.6983377392849287,15.276548787259328,-0.558772509883553,2.6230357137885815e-15
Mishin_reference_same_interface,shockley_112,65,0.3788861141556919,0.8507795003110269,0.07429934232721935,0.08349231700530005,553.1096234710487,369.04190145753876,-0.8767367016790168,14.666326107669938,-0.2699603248317936,9.339596859701768e-16
Mishin_reference_same_interface,shockley_112,65,0.39241776108982374,0.8509182573925601,0.07515935787680172,0.08396255896351057,441.659851488247,176.66450625198163,-1.2422652016296527,13.977356076515715,-0.03642279392795524,1.8281764065799203e-15
Mishin_reference_same_interface,shockley_112,65,0.40594940802395557,0.8507438891688893,0.0757966147568321,0.08409827344662367,297.4614067987403,-18.179050912831194,-1.4354516235775794,13.467454637271336,0.4256859331854089,1.6791402864782965e-14
Mishin_reference_same_interface,shockley_112,65,0.41948105495808746,0.8500630029741241,0.07616913923822735,0.08389686637820708,131.8101947997122,-218.4895521614141,-1.6832276399096429,13.000370698640511,0.8987179672083722,2.1858630948238178e-16
Mishin_reference_same_interface,shockley_112,65,0.4330127018922193,0.8488918329781631,0.07623296676410754,0.0833416126053767,-61.15184759453237,-425.7463678652145,-1.8602913152527885,12.685923826944943,1.2422202862410927,1.7884334412194873e-16
Mishin_reference_same_interface,shockley_112,65,0.44654434882635113,0.8474968313811636,0.07595944279395314,0.08244574400768895,-255.79152524518716,-613.9324252973483,-1.77728105418795,12.64823457259094,1.3615413507778953,3.1396942634742112e-15
Mishin_reference_same_interface,shockley_112,65,0.460075995760483,0.845993661749703,0.07536176856468761,0.08124414989532873,-436.8435097524753,-781.2637069836159,-1.599825767738185,12.697958544957364,1.447399755776097,2.1063771641029518e-15
Mishin_reference_same_interface,shockley_112,65,0.47360764269461486,0.8444175402010096,0.07447235944119199,0.07977589317228923,-593.8720030165657,-923.4373740081277,-1.3310057710212115,12.802733696667042,1.5179766750884762,2.940979436672046e-15
Mishin_reference_same_interface,shockley_112,65,0.4871392896287467,0.8427903942604151,0.07334010208639787,0.07809165608657309,-718.2634388256314,-1028.5307149613996,-0.9917527357317564,12.954512004975053,1.578421572020841,3.1993087115148608e-15
Mishin_reference_same_interface,shockley_112,65,0.5006709365628785,0.8411611465442249,0.0720297226483035,0.0762788461191338,-796.68235243553,-1070.3443189604466,-0.41251527158231693,13.19397853478059,1.53660224965399,3.31853760759616e-15
Mishin_reference_same_interface,shockley_112,65,0.5142025834970104,0.8396509262236463,0.07064467686297661,0.07445556274027029,-803.3522088455405,-1040.0561187536953,0.29007583298696593,13.467871999099623,1.4358878362884309,2.4243208869864162e-15
Mishin_reference_same_interface,shockley_112,65,0.5277342304311423,0.8382872908305851,0.06931290959790572,0.07274836328835275,-734.6328502640521,-934.965585618981,0.9883670384017373,13.742164754442376,1.2947772854072919,6.259517044268206e-16
Mishin_reference_same_interface,shockley_112,65,0.5412658773652741,0.8371107709678519,0.06816145590946081,0.07128562338004463,-594.3602129411267,-756.4442245839216,1.630660470872518,14.013984749574293,1.1094726023418584,9.190560739600144e-16
Mishin_reference_same_interface,shockley_112,65,0.554797524299406,0.8362356174812222,0.06730145131368069,0.07018753712828557,-400.3272952150609,-511.11670451662974,1.9987401635597442,14.091205155231867,0.7074244933728563,1.0432528407113677e-16
Mishin_reference_same_interface,shockley_112,65,0.5683291712335379,0.8357555636260459,0.06680667510747346,0.06955912028061362,-170.2677137429785,-215.05901990179598,2.305879869271009,14.13387553359127,0.2922502557980965,5.166585496856297e-16
Mishin_reference_same_interface,shockley_112,65,0.5818608181676697,0.8356851425340821,0.0667335180939532,0.06946672956186575,89.80292044558882,112.47042067695266,2.567708421579964,14.138887262263918,-0.14993630768940777,1.9871482680216526e-17
Mishin_reference_same_interface,shockley_112,65,0.5953924651018015,0.8360434690497237,0.06712963668298456,0.06996154746750648,375.09159518245735,467.95092793731834,2.7756350450681047,14.110205885409993,-0.5969404314126916,2.3597385682757124e-15
Mishin_reference_same_interface,shockley_112,65,0.6089241120359334,0.8368349144492891,0.06803277340193249,0.0710885572516841,678.7422274487391,848.1189275196268,2.9092359780553916,14.037728742390863,-1.0499782326835891,1.3910037876151568e-15
Mishin_reference_same_interface,shockley_112,65,0.6224557589700652,0.8380711982580145,0.06946736047262084,0.0728889654473564,992.4027096648953,1253.950909345351,2.962815785727895,13.916520704832,-1.5056207229227236,3.934553570682872e-15
Mishin_reference_same_interface,shockley_112,65,0.6359874059041971,0.8397653296218968,0.07144322431180664,0.07542613893374217,1307.4841666996288,1708.0662575500648,2.9361494901791887,13.767665167316364,-1.958931013793004,3.5172524343983252e-15
Mishin_reference_same_interface,shockley_112,65,0.649519052838329,0.8419260522835055,0.07395549654820213,0.07878313674154108,1615.5275442721722,2206.8922164971077,2.8347433338461516,13.594101615418795,-2.404456187472298,1.0929315474119089e-16
Mishin_reference_same_interface,shockley_112,65,0.6630506997724608,0.8445378350167615,0.07698742927886681,0.08302877364859629,1912.4550296595478,2741.311452385551,2.733008111436854,13.475270661438456,-2.8332980644570465,2.4342566283265243e-15
Mishin_reference_same_interface,shockley_112,65,0.6765823467065927,0.8476770323530272,0.08052009306182475,0.08821856168930638,2198.336949950361,3305.763885954037,2.618460134974608,13.81397938702608,-3.4720921728013905,0.0
Mishin_reference_same_interface,shockley_112,65,0.6901139936407245,0.8512678279208576,0.08453492225830621,0.09440212590623397,2476.2788412316313,3897.3542338993284,2.6244651950302567,14.129342850769437,-3.909653809459562,8.743452379295271e-16
Mishin_reference_same_interface,shockley_112,65,0.7036456405748563,0.8551430883204103,0.08902973929465782,0.1016197545131057,2757.3391352492254,4506.741354209191,2.6534189792938694,14.442628604705776,-4.256961683570342,4.570441016449801e-16
Mishin_reference_same_interface,shockley_112,65,0.7171772875089882,0.8592138383906037,0.09401072703930306,0.10988892301177539,3042.559916396935,5121.167345410875,2.6939099065056156,14.785148740950932,-4.534813021802431,4.014039501403738e-15
Mishin_reference_same_interface,shockley_112,65,0.73070893444312,0.863399165115336,0.09948608974429762,0.1192159912928983,3332.287105816278,5737.714112547668,2.706342465583111,15.12210935639692,-4.700934235800937,1.4903612010162394e-15
Mishin_reference_same_interface,shockley_112,65,0.7442405813772519,0.8676022338068362,0.10545703527652661,0.12960144495396028,3618.1850206955887,6352.844117163544,2.647778270913151,15.397575131089706,-4.785093300212745,5.166585496856297e-16
Mishin_reference_same_interface,shockley_112,65,0.7577722283113838,0.8718230771409538,0.1119117435125372,0.14103999454121058,3894.2742851917856,6963.166459218299,2.5110711877684704,15.57131686529139,-4.8972603696196115,6.756304111273619e-16
Mishin_reference_same_interface,shockley_112,65,0.7713038752455156,0.8761341749268018,0.11882464979004602,0.1535202364056104,4149.356724002049,7564.956780052662,2.292129113850164,15.671847972315478,-5.030816875377117,3.3384090902763765e-15
Mishin_reference_same_interface,shockley_112,65,0.7848355221796475,0.880341735757401,0.12616701731622043,0.16702404656423966,4400.524758298802,8154.119471679941,2.3843380240911305,16.20231653906465,-4.91730290399515,1.1922889608129916e-16
Mishin_reference_same_interface,shockley_112,65,0.7983671691137794,0.8843932127057964,0.13394364029718397,0.18152576303744994,4651.378786233594,8725.858635490575,2.270456951309547,16.518943851016232,-4.9323881429535374,1.6692045451381883e-15
Mishin_reference_same_interface,shockley_112,65,0.8118988160479111,0.8884991370418571,0.14212879241198875,0.19699060566024013,4869.606662131028,9274.346773695583,1.8002887805419374,16.584220640595404,-5.134448689148158,1.4307467529755899e-15
Mishin_reference_same_interface,shockley_112,65,0.825430462982043,0.8928105739140978,0.15064089187226878,0.21337270762203242,5029.341011821316,9792.485824241296,1.1815151702471656,16.42324501469097,-5.392470281581701,3.5768668824389747e-16
Mishin_reference_same_interface,shockley_112,65,0.8389621099161749,0.8974174774471563,0.15936704815680103,0.23061343154344394,5117.190403408114,10272.91122153276,0.471750667307677,16.092563838705036,-5.6658772566567,1.3910037876151568e-15
Mishin_reference_same_interface,shockley_112,65,0.8524937568503067,0.9023555846684624,0.16817762090420688,0.24863689625932026,5127.542216495729,10699.029765543997,-0.255397865144364,15.666306114816784,-5.896662207115412,2.1063771641029518e-15
Mishin_reference_same_interface,shockley_112,65,0.8660254037844386,0.9075940614534211,0.17694189727989823,0.26732847628894096,5064.830437070864,11048.50128898423,-0.8702560625988245,15.249304745020858,-6.018182312064091,2.384577921625983e-15
