time_reduced,resolved_force_reduced,mean_registry_s_over_b,mean_well_index,mean_intrawell_registry,variance,mean_lattice_energy_over_epsilon_c,work_over_epsilon_c,entropy_production_reduced,edge_probability
0.0,0.0,0.5000000000000001,0.0,1.258252761241844e-16,0.010273035844152355,-0.5465446292918609,0.0,0.0,0.0
0.1,0.0,0.5,-5.782411586589357e-20,1.1842378929335003e-16,0.010353293706976692,-0.5465446292918608,-0.0,0.0006336184343261588,4.0640426653647646e-72
0.2,0.0,0.5,-2.312964634635743e-19,1.1842378929335003e-16,0.010477595412903228,-0.5465446292918605,0.0,0.0007500629762766488,1.7122235619641904e-67
0.30000000000000004,0.0,0.5000000000000003,-2.8912057932946783e-19,1.0732155904709847e-16,0.010638396353022717,-0.546544629291861,0.0,0.0008597062938155828,8.61719441330118e-64
0.4,0.0,0.5000000000000003,-3.4694469519536144e-19,1.0732155904709847e-16,0.01082593448413891,-0.5465446292918611,0.0,0.000908240010767064,1.1786920754955685e-60
0.5,0.0,0.5000000000000003,-8.0953762212251e-19,1.0732155904709847e-16,0.01103182460485546,-0.5465446292918611,0.0,0.0009188104810242208,6.371697706410839e-58
0.6000000000000001,0.0,0.5000000000000006,-4.625929269271486e-19,1.0362081563168128e-16,0.011249866199160111,-0.5465446292918612,0.0,0.0009105234003126518,1.688975915519768e-55
0.7000000000000001,0.0,0.5000000000000006,-8.0953762212251e-19,9.992007221626409e-17,0.011475790300953395,-0.5465446292918614,0.0,0.0008943817609461301,2.526328495391023e-53
0.8,0.0,0.5000000000000007,-1.1564823173178713e-18,9.251858538542972e-17,0.01170676695512297,-0.5465446292918614,0.0,0.0008758931415707847,2.353317429739392e-51
0.9,0.0,0.5000000000000007,-1.8503717077085942e-18,1.0362081563168128e-16,0.011940959446820044,-0.5465446292918615,0.0,0.0008575507161528649,1.4685244647127935e-49
1.0,0.0,0.5000000000000008,-2.3129646346357427e-18,1.1472304587793283e-16,0.01217719016819591,-0.5465446292918615,0.0,0.000840348064757191,6.493017218799286e-48
1.1,0.0,0.5000000000000009,-1.8503717077085942e-18,1.2212453270876723e-16,0.012414709493669495,-0.5465446292918616,0.0,0.0008245811373160899,2.126423110125632e-46
1.2000000000000002,0.0,0.5000000000000011,-2.0816681711721684e-18,1.1842378929335003e-16,0.012653042265774956,-0.5465446292918619,0.0,0.0008102438221072904,5.346831379535717e-45
1.3,0.0,0.5000000000000012,-2.3129646346357427e-18,1.1842378929335003e-16,0.012891888067989153,-0.5465446292918621,0.0,0.000797214051517663,1.0633106259193469e-43
1.4000000000000001,0.0,0.5000000000000013,-1.8503717077085942e-18,1.0732155904709847e-16,0.01313105725367775,-0.5465446292918621,0.0,0.0007853374387714131,1.7144442058870683e-42
1.5,0.0,0.5000000000000014,-1.8503717077085942e-18,9.62193288008469e-17,0.013370430213261394,-0.5465446292918623,0.0,0.0007744624638075136,2.2889392533809992e-41
1.6,0.0,0.5000000000000016,-1.3877787807814458e-18,1.0732155904709847e-16,0.013609931551286222,-0.5465446292918624,0.0,0.0007644534418826461,2.576554294015184e-40
1.7000000000000002,0.0,0.5000000000000018,-2.3129646346357427e-18,1.1102230246251565e-16,0.013849513758474008,-0.5465446292918628,0.0,0.000755193706165947,2.4838856782053807e-39
1.8,0.0,0.5000000000000019,-3.23815048849004e-18,1.0362081563168128e-16,0.014089146903666567,-0.5465446292918628,0.0,0.0007465847743863923,2.0789325874860578e-38
1.9000000000000001,0.0,0.500000000000002,-2.3129646346357427e-18,1.0362081563168128e-16,0.01432881213235168,-0.546544629291863,0.0,0.0007385441104569204,1.5288954559405132e-37
2.0,0.0,0.5000000000000021,-3.23815048849004e-18,1.0362081563168128e-16,0.01456849756840199,-0.546544629291863,0.0,0.0007310026140831272,9.985141825761991e-37
2.1,0.027500000000000028,0.5010941736674576,1.0058731161100009e-05,0.0010841149362945705,0.014808602096784225,-0.5465407454184738,1.5044887927512533e-05,0.0008764306831469709,5.8581775659605e-36
2.2,0.055000000000000056,0.5038339752040585,4.8415838111145565e-05,0.0037855593659451383,0.015050991942672105,-0.546502457731778,0.00012806170131230045,0.0014865970577934377,3.1640102428743884e-35
2.3000000000000003,0.08250000000000007,0.5076297605998168,0.00012684453537008857,0.007502916064444465,0.015299046783337098,-0.5463835594745862,0.00038902194727068456,0.0021845825429755526,1.6240956924351142e-34
2.4000000000000004,0.11000000000000011,0.5121153095329857,0.0002559925070615578,0.01185931702592186,0.015558704062481617,-0.5461441714126866,0.0008207560320881897,0.0027986389085686973,8.173854721141241e-34
2.5,0.1375,0.5170643927935764,0.0004463577996361073,0.01661803499393777,0.015838445542191833,-0.545755626376945,0.0014332050855862936,0.0033254319432286425,4.1283253618983576e-33
2.6,0.16500000000000004,0.5223397225801167,0.000709706055439172,0.021630016524675125,0.016149070047006647,-0.5451991089041963,0.002231098715800518,0.0038096641368020254,2.1040334018058592e-32
2.7,0.19250000000000006,0.5278613820231305,0.001060364576418823,0.026801017446709312,0.016503632433890143,-0.5444629502477363,0.003218095341239226,0.004304324983501847,1.0725819242955552e-31
2.8000000000000003,0.22000000000000008,0.5335872055664604,0.0015162868234539304,0.03207091874300408,0.01691756655015232,-0.5435401697571905,0.00439904644705103,0.0048600444984803195,5.407205502727161e-31
2.9000000000000004,0.2475000000000001,0.5395005983798837,0.0020999486224530404,0.0374006497574283,0.017408952549780542,-0.5424266538169018,0.005781302017188725,0.0055244952341723256,2.675859992201454e-30
3.0,0.275,0.5456030385042882,0.002839164334213596,0.04276387417007214,0.017998895129641933,-0.5411199538080625,0.0073755644996893795,0.006344802160644353,1.2950725956641227e-29
3.1,0.30250000000000005,0.5519095541411108,0.003767890782874259,0.048141663358234055,0.018711988421583337,-0.5396185723298159,0.009196570889821908,0.007370473280598121,6.118184288370122e-29
3.2,0.33000000000000007,0.558446106294337,0.004927057969753424,0.05351904832458111,0.019576846065214214,-0.5379216013467749,0.011263755508279707,0.008656081426961768,2.8181010897744755e-28
3.3000000000000003,0.3575000000000001,0.5652481993144027,0.0063654407505096,0.05888275856389038,0.020626672979923873,-0.5360286024030365,0.013601974983927304,0.010263543479902956,1.265083746715313e-27
3.4000000000000004,0.3850000000000001,0.5723602846768612,0.008140566519959529,0.0642197181568987,0.02189985069937535,-0.5339396494197268,0.01624233667474,0.012264030209155096,5.5368250492586705e-27
3.5,0.41250000000000003,0.5798356736526883,0.01031963925961052,0.06951603439307495,0.02344050192691748,-0.531655479570606,0.019223148028851063,0.014739565120546074,2.3646500956156444e-26
3.6,0.44000000000000006,0.5877367670905413,0.012980448470667408,0.07475631861987098,0.025298992664719577,-0.5291777154287872,0.022590989106735928,0.01778434109356695,9.865100801321419e-26
3.7,0.4675000000000001,0.5961354667812637,0.016212221456558533,0.07992324532470234,0.027532322190187277,-0.5265091327692459,0.02640189909140121,0.021505741838041142,4.024155036556291e-25
3.8000000000000003,0.4950000000000001,0.605113666289756,0.02011636867528397,0.08499729761446927,0.03020434283115299,-0.5236539545711336,0.03072265760486314,0.026025017534129745,1.6061630284262381e-24
3.9000000000000004,0.5225000000000002,0.6147637383592509,0.024807064533162986,0.08995667382608502,0.0333857438150154,-0.5206181543412245,0.03563213177021865,0.03147753596183019,6.275762958715763e-24
4.0,0.55,0.6251889467084473,0.030411600533375934,0.09477734617506849,0.037153727736205094,-0.5174097520931928,0.0412226497474752,0.03801251340729409,2.4016209704548148e-23
4.1000000000000005,0.55,0.6353452463227693,0.03692056005192027,0.09842468627084625,0.04155443351104507,-0.5145850380830592,0.046808614535352344,0.04296966444053604,8.703173759198161e-23
4.2,0.55,0.6445779017042572,0.04413439874073509,0.10044350296351941,0.046559692989323075,-0.5125674607422607,0.05188657499517067,0.04622072650680557,2.9181899422302837e-22
4.3,0.55,0.653364604848389,0.051888833897060886,0.10147577095132575,0.052123521860133505,-0.5111719547810777,0.056719261724443144,0.04965114457642743,9.22437977876638e-22
4.4,0.55,0.66197143559488,0.06003224155788227,0.10193919403699545,0.05817964555410252,-0.5102372439109191,0.06145301863501322,0.05263854005147024,2.7763811853407566e-21
4.5,0.55,0.670537156167079,0.06844258810367947,0.10209456806339752,0.06464825458937869,-0.5096313654615428,0.06616416494972265,0.05495326862006139,7.974651054645767e-21
4.6000000000000005,0.55,0.679126513779134,0.07702912345349504,0.10209739032563699,0.07144603920108072,-0.5092518951084214,0.07088831163635291,0.05658415612597979,2.1874807610677667e-20
4.7,0.55,0.6877634633918475,0.08572786988879276,0.10203559350305295,0.07849481063615207,-0.5090229967043134,0.0756386339233453,0.057625796500354196,5.743162176038143e-20
4.800000000000001,0.55,0.6964511967905531,0.09449554758436789,0.10195564920618348,0.0857269077013003,-0.5088908460422327,0.08041688729263341,0.0582083043454378,1.4482460156762486e-19
4.9,0.55,0.7051836638522947,0.10330391253286332,0.10187975131942986,0.09308744454458032,-0.50881868067574,0.08521974417659128,0.058458771997219196,3.519847620651172e-19
5.0,0.55,0.7139517968543629,0.11213516111926401,0.10181663573509762,0.10053423990221944,-0.5087822769192586,0.09004221732772882,0.05848408464924239,8.267766786708819e-19
5.1000000000000005,0.55,0.7227465790500462,0.12097847288258408,0.10176810616746096,0.10803638202512748,-0.5087662246148172,0.09487934753535464,0.05836631438992098,1.880687988665533e-18
5.2,0.55,0.7315603305084774,0.12982753975856864,0.10173279074990761,0.11557219956005164,-0.5087610722652774,0.09972691083749174,0.05816445039937738,4.149784558627749e-18
5.300000000000001,0.55,0.7403870541984757,0.138678870256293,0.10170818394218174,0.12312715228082366,-0.5087612547406802,0.10458160886699085,0.057918622730460854,8.896038354828387e-18
5.4,0.55,0.7492223358679391,0.14753066618274807,0.1016916696851904,0.1306919300683832,-0.5087636536162332,0.10944101378519569,0.05765474804337034,1.855805184013945e-17
5.5,0.55,0.758063070891128,0.15638210356534643,0.1016809673257809,0.13826088552395752,-0.5087666343604689,0.1143034180479496,0.057388647341510814,3.7735129418676455e-17
5.6000000000000005,0.55,0.7669071582762601,0.16523288825328108,0.10167427002297859,0.1458308231372752,-0.5087694248546789,0.11916766610977225,0.05712931702046699,7.490751602794324e-17
5.7,0.55,0.775753225552715,0.17408299178391418,0.10167023376880048,0.1534001123350519,-0.5087717282284797,0.12403300311182243,0.05688134941124469,1.4537969828363481e-16
5.800000000000001,0.55,0.784600406800321,0.182932501562865,0.10166790523745574,0.16096806789662518,-0.508773490736054,0.12889895279800573,0.05664663052030072,2.7621324234324467e-16
5.9,0.55,0.7934481754147071,0.19178154096408706,0.10166663445062005,0.1685345365986056,-0.5087747686915447,0.13376522553591813,0.05642547764291121,5.1433352573824e-16
6.0,0.55,0.8022962242876984,0.20063023048618123,0.1016659938015173,0.1760996344873289,-0.5087756564667905,0.13863165241606334,0.056217369317133795,9.396100252366426e-16
6.1000000000000005,0.55,0.8111443834051467,0.20947867183905414,0.10166571156609282,0.18366358898201224,-0.5087762506663583,0.1434981399306599,0.05602139280745002,1.6856016416347315e-15
6.2,0.55,0.8199925651991925,0.21832694399393837,0.10166562120525456,0.19122665061102725,-0.5087766347393939,0.14836463991738508,0.05583650410059391,2.9719292236637673e-15
6.300000000000001,0.55,0.8288407295428127,0.22717510483996378,0.10166562470284939,0.19878904878343318,-0.5087768744289864,0.1532311303063762,0.0556616685207171,5.154015803598798e-15
6.4,0.55,0.8376888621101717,0.23602319495642052,0.10166566715375175,0.20635097386523069,-0.5087770184420486,0.15809760321842362,0.055495928612673155,8.798380186977887e-15
6.5,0.55,0.8465369615138169,0.24487124172424538,0.10166571978957231,0.21391257384421916,-0.5087771012164486,0.16296405789042845,0.05533842995574201,1.4794976027829378e-14
6.6000000000000005,0.55,0.8553850320087709,0.2537192629802957,0.10166576902847596,0.2214739582175866,-0.508777146166237,0.16783049666265318,0.05518842426154627,2.4522472890012203e-14
6.7,0.55,0.8642330796016989,0.2625672699462451,0.1016658096554549,0.22903520473266464,-0.5087771686544368,0.1726969228387636,0.05504526145023483,4.008816309826818e-14
6.800000000000001,0.55,0.8730811101594247,0.271415269425181,0.10166584073424488,0.23659636657943825,-0.5087771784175744,0.17756333964551277,0.054908377414047645,6.467168634315894e-14
6.9,0.55,0.8819291286340372,0.2802632653698263,0.10166586326421216,0.2441574788626376,-0.5087771814059665,0.18242974980654963,0.054777281060582,1.030113828885036e-13
7.0,0.55,0.8907771388705367,0.2891112599577633,0.10166587891277472,0.2517185639047949,-0.5087771811098687,0.18729615543662437,0.05465154236292426,1.6208424873402113e-13
7.1000000000000005,0.55,0.899625143687475,0.2979592543025027,0.10166588938497394,0.2592796353251991,-0.508777179475976,0.19216255808594046,0.054530782085034965,2.520456297553988e-13
7.2,0.55,0.9084731450606126,0.3068072489076974,0.10166589615291684,0.266840701028633,-0.5087771775179676,0.1970289588411661,0.05441466329113364,3.875134113630412e-13
7.300000000000001,0.55,0.917321144323097,0.3156552439470959,0.10166590037600286,0.274401765307326,-0.5087771757093389,0.20189535843553252,0.054302884483688044,5.893039528944096e-13
7.4,0.55,0.9261691423433811,0.32450323943037723,0.10166590291300583,0.2819628302649046,-0.5087771742273784,0.2067617573466888,0.05419517411611801,8.867537235148483e-13
7.5,0.55,0.9350171396678262,0.33335123529681326,0.10166590437101507,0.28952389674624585,-0.5087771730989663,0.2116281558751336,0.05409128621394734,1.320791746761261e-12
7.6000000000000005,0.55,0.9438651366276488,0.3421992314649162,0.10166590516273485,0.2970849649216486,-0.5087771722838189,0.21649455420303604,0.053990996865343734,1.94796363289386e-12
7.7,0.55,0.9527131334152726,0.3510472278563358,0.10166590555893908,0.3046460346380711,-0.5087771717192875,0.22136095243622914,0.053894101383064885,2.845648071595579e-12
7.800000000000001,0.55,0.9615611301366771,0.3598952244054426,0.101665905731237,0.31220710561913145,-0.5087771713424574,0.2262273506330016,0.05380041198167422,4.118750868677614e-12
7.9,0.55,0.9704091268460135,0.3687432210614891,0.10166590578452721,0.31976817757070214,-0.508777171099477,0.23109374882313663,0.053709755850688524,5.908209414922217e-12
8.0,0.55,0.979257123567715,0.37759121778733534,0.10166590578038247,0.3273292502301878,-0.5087771709481562,0.23596014702007242,0.053621973534214454,8.40169111740233e-12
8.1,0.5362500000000001,0.9875198072669625,0.3863411740130347,0.10117863325393096,0.33487183483573896,-0.509053100833503,0.24044781710422625,0.052343965137886396,1.1735560719327228e-11
8.200000000000001,0.5224999999999999,0.9948017245362754,0.394820368995951,0.09998135554032732,0.34234007670126926,-0.5097825119402509,0.24430268205866873,0.0498149940438436,1.5965049764598385e-11
8.3,0.5087499999999999,1.001298383070216,0.4029318380941199,0.09836654497609876,0.3496766169454637,-0.5108339364186287,0.24765252161523188,0.04704344942148951,2.1210022506810343e-11
8.4,0.495,1.0071214682247482,0.4106092161538601,0.09651225207089109,0.35682477614875907,-0.5121020877774707,0.25057498247716276,0.04399498104668018,2.7607094179448958e-11
8.5,0.48125000000000007,1.0123361395916912,0.41781563488706785,0.09452050470462625,0.3637326510361498,-0.5135069023022857,0.2531203939381518,0.04074841146553597,3.530071632021764e-11
8.6,0.4675000000000001,1.0169834412094083,0.424537291921939,0.09244614928747252,0.3703569967890427,-0.5149902890864988,0.25532495764305635,0.03741813849005398,4.4423416943176565e-11
8.700000000000001,0.4537499999999999,1.0210931206507825,0.4307765582743265,0.0903165623764591,0.3766652715527347,-0.5165117497274393,0.2572179787357393,0.034111688261824924,5.507193868822299e-11
8.8,0.43999999999999995,1.0246904681228128,0.43654631298143476,0.08814415514138124,0.3826358275359912,-0.5180439332783531,0.25882554338730285,0.030912440892750415,6.728614664300294e-11
8.9,0.42624999999999996,1.0277996173049477,0.4418657953799596,0.08593382192499129,0.3882568486631599,-0.5195687831180389,0.26017219362681504,0.02787683840338732,8.103539343582091e-11
9.0,0.41250000000000003,1.0304448825992465,0.4467577668178558,0.08368711578139372,0.39352468357839965,-0.5210745239924917,0.2612815517596116,0.025038148347057657,9.621367710632058e-11
9.1,0.3987500000000001,1.0326510910779234,0.4512466577481193,0.08140443332980736,0.3984420520058358,-0.5225534730475849,0.2621764450737749,0.022412145265985072,1.1264221811842825e-10
9.200000000000001,0.3849999999999999,1.0344434573372694,0.45535740226444416,0.07908605507282827,0.4030164019143537,-0.5240005362002619,0.2628788286016561,0.020002495474003457,1.300769430437641e-10
9.3,0.3712499999999999,1.0358472938607513,0.45911472829435507,0.07673256556639933,0.4072585386981798,-0.5254122211267415,0.2634096542870977,0.01780505107564535,1.4821861577087672e-10
9.4,0.3575,1.0368876997097813,0.4625427382851517,0.07434496142463265,0.4111815490036039,-0.5267860141547046,0.2637887521683381,0.015810958966904244,1.667242823187279e-10
9.5,0.34375,1.037589287966827,0.4656646693743582,0.07192461859247207,0.4147999903851674,-0.5281200005875232,0.2640347465509647,0.014008769751803669,1.8521959568373507e-10
9.600000000000001,0.32999999999999985,1.0379759702750841,0.4685027617106012,0.06947320856448629,0.4181292979512882,-0.5294126410464729,0.26416501015355887,0.012385798936328128,2.0331207304203605e-10
9.700000000000001,0.31624999999999986,1.0380707974602557,0.4710781907760213,0.06699260668423744,0.4211853570772406,-0.5306626440295684,0.2641956511877674,0.01092896973673538,2.2060535094758204e-10
9.8,0.30249999999999994,1.0378958478609475,0.47341103727324196,0.06448481058770889,0.4239841977262295,-0.5318688956142769,0.2641415261554814,0.009625315491625179,2.367142018808273e-10
9.9,0.28874999999999995,1.0374721534621714,0.4755202792034087,0.06195187425876584,0.4265417752329788,-0.5330304217551921,0.2640162714988432,0.00846226788581502,2.51279683465568e-10
10.0,0.275,1.0368196548709583,0.47742379741430796,0.05939585745665358,0.42887381156243237,-0.5341463683007176,0.26383234845844505,0.0074278150577605,2.6398349608541323e-10
10.100000000000001,0.2612499999999998,1.0359571778997858,0.4791383897534755,0.05681878814631384,0.43099567875769834,-0.5352159900358816,0.26360109682054944,0.006510582934541748,2.745605231039378e-10
10.200000000000001,0.2474999999999999,1.0349024262582274,0.4806797911133799,0.05422263514485091,0.432922312197216,-0.5362386438711847,0.263332794371728,0.005699872281526502,2.8280863050921076e-10
10.3,0.23374999999999993,1.0336719863027017,0.4820626978084248,0.051609288494280196,0.43466814552400623,-0.5372137835703559,0.26303671975742965,0.0049856705458156195,2.885950605628931e-10
10.4,0.21999999999999997,1.032281340896556,0.4833007953119704,0.048980545584588954,0.436247062003546,-0.5381409547194351,0.26272121708091034,0.004358649336309368,2.918590932447276e-10
10.5,0.20625000000000002,1.0307448902237066,0.4844067886649393,0.046338101558770786,0.4376723589524505,-0.5390197893663486,0.2623937610312593,0.0038101535287000596,2.926109986518509e-10
10.600000000000001,0.1924999999999998,1.0290759779451046,0.48539243499456625,0.0436835429505416,0.4389567230568791,-0.5398500001456829,0.262061021645713,0.0033321852391763307,2.909276093283639e-10
10.700000000000001,0.17874999999999988,1.027286921454924,0.48626857763452846,0.041018343820399095,0.4401122151022992,-0.5406313738956541,0.2617289280347232,0.0029173844306602695,2.8694507219768513e-10
10.8,0.16499999999999992,1.0253890452380003,0.48704518135937064,0.038343863878633234,0.4411502630365364,-0.5413637648610083,0.26140273055993946,0.0025590071610298343,2.8084948364836165e-10
10.9,0.15124999999999997,1.0233927164934766,0.48773136825836644,0.035661348235113854,0.4420816625047482,-0.542047087607126,0.26108706107721164,0.0022509021215297623,2.7286617125450337e-10
11.0,0.1375,1.0213073823015033,0.4883354537864651,0.03297192851504207,0.44291658410666945,-0.542681309774819,0.2607859909532455,0.001987485951321831,2.6324837340826275e-10
11.100000000000001,0.12374999999999982,1.019141607690189,0.48886498254648214,0.030276625143710642,0.4436645866830461,-0.543266444797084,0.26050308664464256,0.0017637177473170608,2.5226599995474807e-10
11.200000000000001,0.10999999999999986,1.0169031140218285,0.4893267633779067,0.027576350643925756,0.4443346359697794,-0.5438025446860185,0.2602414626971529,0.001575073164937579,2.401950500223098e-10
11.3,0.0962499999999999,1.0145988171688078,0.4897269033530574,0.02487191381575427,0.44493512798227547,-0.5442896929838438,0.26000383208418515,0.0014175184965909025,2.273081340271897e-10
11.4,0.08249999999999996,1.0122348649952728,0.49007084030976583,0.022164024685511048,0.44547391651790896,-0.544727997958141,0.25979255385867545,0.0012874851040069152,2.1386640968140158e-10
11.5,0.06875,1.0098166737033494,0.49036337358019233,0.01945330012316085,0.44595834419552993,-0.5451175861086309,0.25960967814222374,0.00118184456280131,2.0011310852904138e-10
11.600000000000001,0.054999999999999806,1.007348962643674,0.4906086926067524,0.01674027003692551,0.4463952764886759,-0.5454585960412566,0.25945698852040633,0.0010978848545233242,1.8626870902086503e-10
11.700000000000001,0.041249999999999856,1.0048357872298301,0.49081040316759733,0.014025384062236673,0.4467911382531667,-0.5457511727550268,0.2593360419536151,0.0010332879150771284,1.7252771049693406e-10
11.8,0.027499999999999903,1.0022805696349903,0.4909715509649861,0.01130901867000787,0.4471519522987087,-0.5459954623779378,0.2592482063487925,0.000986108818723194,1.590568830775227e-10
11.9,0.013749999999999951,0.9996861269865495,0.4910946423596798,0.0085914846268735,0.44748337960635715,-0.5461916073803093,0.2591946959691684,0.0009547568444198221,1.4599481237515266e-10
12.0,0.0,0.9970546968105116,0.4911816620628545,0.005873034747661045,0.44779076084744207,-0.5463397422869617,0.25917660488670813,0.0009379786381814835,1.3345252418563667e-10
12.100000000000001,0.0,0.9949351530640509,0.49123941485894657,0.0036957382051085006,0.4480792230032301,-0.5464315275151614,0.25917660488670813,0.0006813208666440677,1.2288717806278496e-10
12.200000000000001,0.0,0.993604425367312,0.49127795224883286,0.0023264731184826524,0.44835443862421936,-0.5464809528806333,0.25917660488670813,0.00039637671487901746,1.1538636333169194e-10
12.3,0.0,0.9927679043478739,0.49130308921949917,0.0014648151283782921,0.44862017537724436,-0.5465082694456531,0.25917660488670813,0.0002863684958599723,1.1037852316074851e-10
12.4,0.0,0.9922416567857509,0.49131925887820327,0.0009223979075512515,0.44887879277869586,-0.546523660523839,0.25917660488670813,0.00024545104345028167,1.072673728179891e-10
12.5,0.0,0.9919104495315706,0.49132957318121057,0.000580876350363535,0.44913204457045813,-0.5465324534495356,0.25917660488670813,0.00023146121714627264,1.0552381451115643e-10
12.600000000000001,0.0,0.9917019388359091,0.49133611927794435,0.0003658195579680279,0.4493813106076152,-0.5465375260711859,0.25917660488670813,0.00022757543020185514,1.0472488000170492e-10
12.700000000000001,0.0,0.9915706497434438,0.49134026120573304,0.00023038853771417678,0.44962767230667156,-0.5465404722446943,0.25917660488670813,0.00022715012470117361,1.0455482262107669e-10
12.8,0.0,0.9914879750872273,0.49134287713199204,0.00014509795523835097,0.4498719571796145,-0.5465421912676747,0.25917660488670813,0.00022764011927783493,1.0478911760050562e-10
12.9,0.0,0.9914359104986876,0.4913445274483535,9.138305033723852e-05,0.45011478167133917,-0.5465431974028079,0.25917660488670813,0.00022813871552858014,1.0527414147524114e-10
13.0,0.0,0.991403121480758,0.4913455678898456,5.7553590915219537e-05,0.4503565939352466,-0.546543787521633,0.25917660488670813,0.0002283794484403641,1.0590833013420503e-10
13.100000000000001,0.0,0.9913824712910219,0.4913462235685178,3.6247722507045295e-05,0.45059771309847974,-0.5465441341235184,0.25917660488670813,0.00022833243774888164,1.0662678866898764e-10
13.200000000000001,0.0,0.9913694658349204,0.4913466366689515,2.2829165971668027e-05,0.45083836253162685,-0.5465443378880095,0.25917660488670813,0.00022804379806459703,1.073895714161198e-10
13.3,0.0,0.9913612749506707,0.49134689689550776,1.437805516569246e-05,0.4510786963722949,-0.5465444577542068,0.25917660488670813,0.00022757437318808213,1.0817316704426701e-10
13.4,0.0,0.9913561162735601,0.4913470608040226,9.055469540086847e-06,0.4513188197369389,-0.5465445282957686,0.25917660488670813,0.00022697863933808895,1.0896453572269925e-10
13.5,0.0,0.9913528672896994,0.4913471640364802,5.7032532215950395e-06,0.4515588036104641,-0.5465445698211079,0.25917660488670813,0.00022629936435829512,1.0975706703800883e-10
13.600000000000001,0.0,0.9913508210423786,0.4913472290491646,3.591993216384148e-06,0.45179869553524044,-0.5465445942700969,0.25917660488670813,0.0002255680004980147,1.1054792507152196e-10
13.700000000000001,0.0,0.9913495322881704,0.491347269988555,2.262299617635429e-06,0.4520385271317405,-0.5465446086667489,0.25917660488670813,0.00022480678264795627,1.113363613178929e-10
13.8,0.0,0.9913487206100413,0.49134729576550323,1.4248445400988353e-06,0.4522783193062542,-0.5465446171448235,0.25917660488670813,0.00022403099901165629,1.121226817734468e-10
13.9,0.0,0.9913482093990934,0.4913473119926357,8.974064597377928e-07,0.45251808581099195,-0.5465446221377627,0.25917660488670813,0.00022325092583540382,1.1290764248321388e-10
14.0,0.0,0.9913478874254216,0.49134732220502614,5.652203974748637e-07,0.45275783565244787,-0.5465446250783279,0.25917660488670813,0.0002224733225153006,1.1369211653414077e-10
14.100000000000001,0.0,0.9913476846353327,0.49134732862917135,3.5600616323979336e-07,0.4529975747065423,-0.5465446268101994,0.25917660488670813,0.00022170252857252914,1.1447692668692003e-10
14.200000000000001,0.0,0.9913475569082889,0.4913473326673694,2.2424092119647613e-07,0.4532373067939575,-0.546544627830216,0.25917660488670813,0.00022094124340870462,1.1526277457001637e-10
14.3,0.0,0.9913474764567094,0.4913473352028129,1.4125389828182713e-07,0.453477034391692,-0.5465446284309795,0.25917660488670813,0.00022019106891344668,1.1605022282755194e-10
14.4,0.0,0.9913474257796789,0.4913473367917498,8.898793058912761e-08,0.4537167591014358,-0.546544628784816,0.25917660488670813,0.0002194528813022718,1.1683970371436377e-10
14.5,0.0,0.9913473938549306,0.4913473377845125,5.607041966652441e-08,0.45395648195648625,-0.5465446289932191,0.25917660488670813,0.00021872708294637757,1.1763153875382175e-10
14.600000000000001,0.0,0.9913473737405218,0.49134733840174427,3.5338778969773446e-08,0.4541962036220783,-0.5465446291159649,0.25917660488670813,0.0002180137712944953,1.1842596106692745e-10
14.700000000000001,0.0,0.9913473610643408,0.4913473387824087,2.228193326144397e-08,0.45443592452569603,-0.5465446291882601,0.25917660488670813,0.00021731285123711234,1.1922313621300524e-10
14.8,0.0,0.9913473530727835,0.4913473390140267,1.4058758018853368e-08,0.4546756449415869,-0.5465446292308409,0.25917660488670813,0.0002166241092654498,1.2002317982620513e-10
14.9,0.0,0.9913473480316002,0.49134733915171935,8.879881979728665e-09,0.4549153650454267,-0.5465446292559206,0.25917660488670813,0.000215947262027121,1.208261716569582e-10
15.0,0.0,0.9913473448485414,0.49134733923020285,5.6183395417500986e-09,0.45515508494959533,-0.5465446292706921,0.25917660488670813,0.0002152819878391327,1.2163216627859985e-10
15.100000000000001,0.0,0.9913473428356957,0.49134733927134117,3.5643554385789143e-09,0.4553948047258937,-0.5465446292793923,0.25917660488670813,0.00021462794692451152,1.2244120098341553e-10
15.200000000000001,0.0,0.9913473415598087,0.4913473392889042,2.2709054340689743e-09,0.4556345244201437,-0.5465446292845169,0.25917660488670813,0.00021398479422987101,1.2325330144800828e-10
15.3,0.0,0.9913473407480128,0.4913473392915647,1.4564487967512935e-09,0.45587424406155747,-0.546544629287535,0.25917660488670813,0.00021335218738929344,1.2406848570214367e-10
15.4,0.0,0.9913473402284515,0.4913473392847842,9.43668073312883e-10,0.4561139636687403,-0.5465446292893128,0.25917660488670813,0.0002127297915320667,1.2488676684918052e-10
15.5,0.0,0.9913473398928885,0.4913473392720022,6.208867975310283e-10,0.45635368325353065,-0.5465446292903599,0.25917660488670813,0.0002121172820524385,1.257081548925116e-10
15.600000000000001,0.0,0.9913473396731547,0.49134733925538526,4.1776992976139127e-10,0.456593402823455,-0.5465446292909766,0.25917660488670813,0.0002115143460747418,1.2653265793680862e-10
15.700000000000001,0.0,0.991347339526316,0.49134733923629687,2.900196638400132e-10,0.4568331223832935,-0.54654462929134,0.25917660488670813,0.00021092068309280773,1.2736028296139504e-10
15.8,0.0,0.9913473394253328,0.4913473392155964,2.0973677424448076e-10,0.4570728419360796,-0.5465446292915539,0.25917660488670813,0.0002103360050950073,1.2819103630675652e-10
15.9,0.0,0.9913473393531742,0.49134733919382434,1.593500165153472e-10,0.45731256148373617,-0.54654462929168,0.25917660488670813,0.00020976003637629732,1.290249239726147e-10
16.0,0.0,0.9913473392991136,0.4913473391713209,1.2779284297437244e-10,0.45755228102748047,-0.5465446292917544,0.25917660488670813,0.0002091925131667306,1.298619517948158e-10
16.1,0.0,0.9913473392563961,0.4913473391483006,1.0809540114860757e-10,0.4577920005680818,-0.5465446292917983,0.25917660488670813,0.0002086331831590217,1.3070212554605168e-10
16.2,0.0,0.9913473392207659,0.4913473391248977,9.58680301810233e-11,0.45803172010602494,-0.5465446292918241,0.25917660488670813,0.00020808180498731765,1.3154545098994522e-10
16.3,0.0,0.9913473391895433,0.49134733910119704,8.834604344383952e-11,0.4582714396416149,-0.5465446292918392,0.25917660488670813,0.00020753814768963502,1.3239193390747156e-10
16.400000000000002,0.0,0.9913473391610401,0.4913473390772516,8.378823560898734e-11,0.45851115917504187,-0.5465446292918483,0.25917660488670813,0.00020700199017374208,1.3324158010762427e-10
16.5,0.0,0.9913473391341928,0.49134733905309447,8.109797463203469e-11,0.458750878706424,-0.5465446292918537,0.25917660488670813,0.0002064731206981482,1.340943954296132e-10
16.6,0.0,0.9913473391083316,0.4913473390287466,7.95845741160169e-11,0.4589905982358333,-0.5465446292918569,0.25917660488670813,0.00020595133637469915,1.34950385740915e-10
16.7,0.0,0.9913473390830342,0.4913473390042208,7.881305608137268e-11,0.4592303177633131,-0.5465446292918588,0.25917660488670813,0.0002054364426960321,1.358095569336344e-10
16.8,0.0,0.9913473390580347,0.4913473389795247,7.850945079231526e-11,0.4594700372888879,-0.54654462929186,0.25917660488670813,0.00020492825308912385,1.3667191492050143e-10
16.900000000000002,0.0,0.9913473390331652,0.4913473389546632,7.850123144118962e-11,0.459709756812571,-0.5465446292918608,0.25917660488670813,0.00020442658849494484,1.3753746563115047e-10
17.0,0.0,0.9913473390083196,0.49134733892963905,7.867971644574349e-11,0.45994947633436795,-0.5465446292918611,0.25917660488670813,0.0002039312769735058,1.3840621500895041e-10
17.1,0.0,0.9913473389834313,0.4913473389044538,7.897645130465018e-11,0.46018919585428,-0.5465446292918615,0.25917660488670813,0.00020344215333318504,1.3927816900844312e-10
17.2,0.0,0.9913473389584575,0.49134733887910814,7.93483741675279e-11,0.46042891537230496,-0.5465446292918619,0.25917660488670813,0.00020295905878301964,1.4015333359334922e-10
17.3,0.0,0.9913473389333718,0.49134733885360227,7.97683012236187e-11,0.46066863488843923,-0.5465446292918621,0.25917660488670813,0.00020248184060656747,1.4103171473505877e-10
17.400000000000002,0.0,0.9913473389081566,0.4913473388279361,8.021916464429069e-11,0.460908354402678,-0.5465446292918621,0.25917660488670813,0.0002020103518559412,1.419133184115123e-10
17.5,0.0,0.9913473388828012,0.4913473388021096,8.069019341583328e-11,0.46114807391501544,-0.5465446292918622,0.25917660488670813,0.0002015444510646578,1.4279815060638738e-10
17.6,0.0,0.9913473388572985,0.4913473387761224,8.117459297333577e-11,0.4613877934254455,-0.5465446292918623,0.25917660488670813,0.00020108400197800787,1.436862173085153e-10
17.7,0.0,0.9913473388316434,0.4913473387499739,8.166811301298556e-11,0.4616275129339614,-0.5465446292918625,0.25917660488670813,0.0002006288732997299,1.4457752451146818e-10
17.8,0.0,0.9913473388058333,0.49134733872366354,8.216805199208939e-11,0.4618672324405567,-0.5465446292918626,0.25917660488670813,0.0002001789384538494,1.4547207821327096e-10
17.900000000000002,0.0,0.9913473387798655,0.49134733869719094,8.267272422202154e-11,0.46210695194522466,-0.5465446292918628,0.25917660488670813,0.00019973407536062962,1.4636988441620135e-10
18.0,0.0,0.9913473387537386,0.4913473386705556,8.318107499090861e-11,0.4623466714479581,-0.5465446292918629,0.25917660488670813,0.00019929416622565182,1.4727094912665347e-10
18.1,0.0,0.9913473387274512,0.4913473386437567,8.369243076344901e-11,0.46258639094875037,-0.546544629291863,0.25917660488670813,0.00019885909734112262,1.481752783550445e-10
18.2,0.0,0.9913473387010023,0.49134733861679386,8.420635855266311e-11,0.46282611044759425,-0.546544629291863,0.25917660488670813,0.00019842875889857173,1.4908287811575225e-10
18.3,0.0,0.9913473386743911,0.4913473385896663,8.472261595985723e-11,0.46306582994448275,-0.5465446292918632,0.25917660488670813,0.00019800304481216733,1.49993754427073e-10
18.400000000000002,0.0,0.9913473386476171,0.4913473385623738,8.524101424711717e-11,0.4633055494394089,-0.5465446292918633,0.25917660488670813,0.00019758185255193788,1.509079133111934e-10
18.5,0.0,0.991347338620679,0.49134733853491536,8.576149050180486e-11,0.4635452689323654,-0.5465446292918633,0.25917660488670813,0.00019716508298624083,1.518253607941717e-10
18.6,0.0,0.991347338593577,0.4913473385072906,8.628393370161784e-11,0.4637849884233455,-0.5465446292918635,0.25917660488670813,0.00019675264023287053,1.527461029059254e-10
18.7,0.0,0.9913473385663097,0.49134733847949885,8.680834384655612e-11,0.46402470791234157,-0.5465446292918635,0.25917660488670813,0.00019634443151824333,1.536701456802227e-10
18.8,0.0,0.9913473385388769,0.49134733845153966,8.733467097658358e-11,0.464264427399347,-0.5465446292918638,0.25917660488670813,0.00019594036704413816,1.545974951546771e-10
18.900000000000002,0.0,0.9913473385112779,0.49134733842341227,8.786291879244364e-11,0.46450414688435443,-0.5465446292918638,0.25917660488670813,0.00019554035986151303,1.555281573707429e-10
19.0,0.0,0.9913473384835118,0.491347338395116,8.839308174302118e-11,0.46474386636735676,-0.5465446292918639,0.25917660488670813,0.0001951443257509492,1.5646213837371221e-10
19.1,0.0,0.9913473384555784,0.49134733836665057,8.89251339231123e-11,0.46498358584834665,-0.5465446292918639,0.25917660488670813,0.00019475218310930985,1.5739944421271343e-10
19.200000000000003,0.0,0.991347338427477,0.49134733833801514,8.945909568680577e-11,0.46522330532731704,-0.546544629291864,0.25917660488670813,0.00019436385284222967,1.583400809407086e-10
19.3,0.0,0.991347338399207,0.491347338309209,8.999497628596013e-11,0.46546302480426066,-0.5465446292918639,0.25917660488670813,0.00019397925826207865,1.592840546144921e-10
19.400000000000002,0.0,0.9913473383707677,0.4913473382802319,9.05327553664866e-11,0.4657027442791705,-0.5465446292918641,0.25917660488670813,0.00019359832499106703,1.6023137129468973e-10
19.5,0.0,0.9913473383421585,0.49134733825108284,9.107244218024372e-11,0.4659424637520391,-0.5465446292918642,0.25917660488670813,0.0001932209808691868,1.6118203704575654e-10
19.6,0.0,0.991347338313379,0.49134733822176163,9.161403672723149e-11,0.4661821832228594,-0.5465446292918644,0.25917660488670813,0.0001928471558666981,1.6213605793597612e-10
19.700000000000003,0.0,0.9913473382844282,0.4913473381922674,9.215754640893673e-11,0.4664219026916241,-0.5465446292918644,0.25917660488670813,0.00019247678200089816,1.6309344003745941e-10
19.8,0.0,0.9913473382553057,0.49134733816259946,9.270298417796141e-11,0.46666162215832585,-0.5465446292918644,0.25917660488670813,0.0001921097932569197,1.6405418942614303e-10
19.900000000000002,0.0,0.9913473382260114,0.4913473381327575,9.325033153058844e-11,0.4669013416229573,-0.5465446292918645,0.25917660488670813,0.00019174612551232933,1.6501831218178855e-10
20.0,0.0,0.9913473381965437,0.4913473381027406,9.379961992313687e-11,0.4671410610855114,-0.5465446292918646,0.25917660488670813,0.00019138571646530746,1.65985814387981e-10
20.1,0.0,0.9913473381669027,0.4913473380725483,9.435082160003106e-11,0.4673807805459808,-0.5465446292918648,0.25917660488670813,0.00019102850556620803,1.669567021321276e-10
20.200000000000003,0.0,0.9913473381370879,0.49134733804218017,9.490396986796175e-11,0.467620500004358,-0.5465446292918648,0.25917660488670813,0.00019067443395230874,1.67930981505457e-10
20.3,0.0,0.991347338107098,0.4913473380116352,9.545904252246847e-11,0.46786021946063583,-0.546544629291865,0.25917660488670813,0.0001903234443855746,1.6890865860301736e-10
20.400000000000002,0.0,0.991347338076933,0.49134733798091296,9.601606176801169e-11,0.46809993891480695,-0.5465446292918651,0.25917660488670813,0.00018997548119326855,1.6988973952367575e-10
20.5,0.0,0.9913473380465921,0.491347337950013,9.657502575421972e-11,0.46833965836686386,-0.5465446292918651,0.25917660488670813,0.00018963049021125593,1.708742303701166e-10
20.6,0.0,0.9913473380160747,0.49134733791893465,9.71359215284906e-11,0.46857937781679954,-0.5465446292918653,0.25917660488670813,0.00018928841872985528,1.718621372488407e-10
20.700000000000003,0.0,0.9913473379853798,0.491347337887677,9.769876759454139e-11,0.4688190972646061,-0.5465446292918654,0.25917660488670813,0.00018894921544210033,1.7285346627016373e-10
20.8,0.0,0.9913473379545076,0.49134733785623963,9.826358430646091e-11,0.46905881671027644,-0.5465446292918654,0.25917660488670813,0.00018861283039428619,1.7384822354821528e-10
20.900000000000002,0.0,0.9913473379234566,0.4913473378246221,9.883035131016034e-11,0.4692985361538031,-0.5465446292918656,0.25917660488670813,0.000188279214938677,1.7484641520093747e-10
21.0,0.0,0.991347337892227,0.4913473377928234,9.939907415675482e-11,0.4695382555951787,-0.5465446292918656,0.25917660488670813,0.00018794832168826629,1.7584804735008383e-10
21.1,0.0,0.9913473378608176,0.4913473377608433,9.996976209810289e-11,0.4697779750343956,-0.5465446292918658,0.25917660488670813,0.00018762010447348005,1.7685312612121815e-10
21.200000000000003,0.0,0.9913473378292279,0.4913473377286809,1.0054241328383284e-10,0.47001769447144676,-0.5465446292918659,0.25917660488670813,0.00018729451830072665,1.7786165764371292e-10
21.3,0.0,0.9913473377974572,0.4913473376963356,1.0111704251691833e-10,0.4702574139063243,-0.5465446292918659,0.25917660488670813,0.00018697151931269712,1.788736480507486e-10
21.400000000000002,0.0,0.9913473377655053,0.49134733766380684,1.016936349943857e-10,0.47049713333902105,-0.546544629291866,0.25917660488670813,0.0001866510647503293,1.7988910347931207e-10
21.5,0.0,0.9913473377333712,0.49134733763109417,1.0227221477106715e-10,0.47073685276952937,-0.546544629291866,0.25917660488670813,0.0001863331129163523,1.8090803007019557e-10
21.6,0.0,0.9913473377010545,0.49134733759819677,1.0285277074473243e-10,0.47097657219784184,-0.5465446292918662,0.25917660488670813,0.0001860176231403329,1.8193043396799542e-10
21.700000000000003,0.0,0.9913473376685542,0.4913473375651138,1.0343531401761178e-10,0.47121629162395084,-0.5465446292918663,0.25917660488670813,0.00018570455574515044,1.8295632132111079e-10
21.8,0.0,0.9913473376358701,0.4913473375318451,1.0401984829044864e-10,0.4714560110478488,-0.5465446292918662,0.25917660488670813,0.0001853938720148311,1.8398569828174246e-10
21.900000000000002,0.0,0.9913473376030013,0.49134733749838966,1.0460635320915419e-10,0.47169573046952823,-0.5465446292918664,0.25917660488670813,0.00018508553416367397,1.8501857100589183e-10
22.0,0.0,0.9913473375699471,0.49134733746474707,1.0519486763153433e-10,0.47193544988898173,-0.5465446292918665,0.25917660488670813,0.00018477950530661015,1.860549456533593e-10
22.1,0.0,0.9913473375367073,0.49134733743091663,1.0578538785684562e-10,0.47217516930620157,-0.5465446292918668,0.25917660488670813,0.0001844757494307333,1.8709482838774357e-10
22.200000000000003,0.0,0.991347337503281,0.49134733739689773,1.063778972317427e-10,0.4724148887211802,-0.5465446292918668,0.25917660488670813,0.00018417423136794848,1.881382253764401e-10
22.3,0.0,0.9913473374696676,0.4913473373626895,1.0697242351180118e-10,0.47265460813391014,-0.5465446292918669,0.25917660488670813,0.00018387491676868584,1.891851427906398e-10
22.400000000000002,0.0,0.9913473374358661,0.49134733732829167,1.075689537444191e-10,0.47289432754438354,-0.5465446292918671,0.25917660488670813,0.00018357777207662985,1.902355868053281e-10
22.5,0.0,0.9913473374018765,0.4913473372937034,1.0816750828368526e-10,0.473134046952593,-0.5465446292918671,0.25917660488670813,0.00018328276450441808,1.9128956359928378e-10
22.6,0.0,0.9913473373676979,0.49134733725892404,1.0876806307476746e-10,0.4733737663585307,-0.5465446292918671,0.25917660488670813,0.00018298986201026408,1.9234707935507727e-10
22.700000000000003,0.0,0.9913473373333296,0.4913473372239531,1.0937063847175447e-10,0.4736134857621891,-0.5465446292918673,0.25917660488670813,0.0001826990332754637,1.9340814025906994e-10
22.8,0.0,0.9913473372987709,0.4913473371887897,1.0997525297836337e-10,0.4738532051635606,-0.5465446292918673,0.25917660488670813,0.00018241024768274357,1.9447275250141289e-10
22.900000000000002,0.0,0.9913473372640212,0.4913473371534334,1.1058187513827514e-10,0.4740929245626373,-0.5465446292918674,0.25917660488670813,0.0001821234752954157,1.955409222760453e-10
23.0,0.0,0.9913473372290801,0.4913473371178834,1.1119053085669368e-10,0.4743326439594118,-0.5465446292918675,0.25917660488670813,0.00018183868683730147,1.9661265578069365e-10
23.1,0.0,0.9913473371939467,0.49134733708213923,1.1180121828324729e-10,0.4745723633538762,-0.5465446292918676,0.25917660488670813,0.00018155585367339098,1.9768795921687045e-10
23.200000000000003,0.0,0.9913473371586203,0.49134733704620015,1.124139466697945e-10,0.4748120827460228,-0.5465446292918678,0.25917660488670813,0.00018127494779120683,1.987668387898729e-10
23.3,0.0,0.9913473371231007,0.4913473370100655,1.1302873266968068e-10,0.475051802135844,-0.5465446292918679,0.25917660488670813,0.0001809959417828403,1.9984930070878154e-10
23.400000000000002,0.0,0.9913473370873869,0.4913473369737346,1.1364553372435656e-10,0.475291521523332,-0.546544629291868,0.25917660488670813,0.00018071880882763173,2.0093535118645966e-10
23.5,0.0,0.991347337051478,0.491347336937207,1.1426439979385824e-10,0.47553124090847887,-0.5465446292918681,0.25917660488670813,0.00018044352267546773,2.0202499643955117e-10
23.6,0.0,0.9913473370153739,0.4913473369004818,1.1488531792558376e-10,0.47577096029127713,-0.5465446292918681,0.25917660488670813,0.00018017005763066896,2.0311824268848041e-10
23.700000000000003,0.0,0.9913473369790735,0.49134733686355847,1.155082807180463e-10,0.47601067967171873,-0.5465446292918682,0.25917660488670813,0.00017989838853644258,2.0421509615745004e-10
23.8,0.0,0.9913473369425765,0.49134733682643633,1.161333196275649e-10,0.47625039904979605,-0.5465446292918685,0.25917660488670813,0.00017962849075987746,2.0531556307444057e-10
23.900000000000002,0.0,0.9913473369058823,0.49134733678911463,1.167604031978205e-10,0.47649011842550126,-0.5465446292918685,0.25917660488670813,0.00017936034017745816,2.0641964967120867e-10
24.0,0.0,0.9913473368689896,0.49134733675159287,1.173895721369907e-10,0.4767298377988264,-0.5465446292918686,0.25917660488670813,0.00017909391316107702,2.0752736218328606e-10
24.1,0.0,0.9913473368318985,0.4913473367138703,1.18020804240615e-10,0.4769695571697636,-0.5465446292918688,0.25917660488670813,0.00017882918656452322,2.0863870684997862e-10
24.200000000000003,0.0,0.9913473367946081,0.49134733667594643,1.186541032094368e-10,0.47720927653830536,-0.546544629291869,0.25917660488670813,0.00017856613771043093,2.0975368991436473e-10
24.3,0.0,0.9913473367571174,0.49134733663782043,1.1928948014568638e-10,0.4774489959044434,-0.546544629291869,0.25917660488670813,0.00017830474437766604,2.1087231762329437e-10
24.400000000000002,0.0,0.9913473367194262,0.4913473365994917,1.1992692949824857e-10,0.4776887152681702,-0.5465446292918691,0.25917660488670813,0.0001780449847891346,2.119945962273879e-10
24.5,0.0,0.9913473366815336,0.4913473365609595,1.205664753219556e-10,0.4779284346294777,-0.5465446292918692,0.25917660488670813,0.00017778683759999715,2.131205319810345e-10
24.6,0.0,0.9913473366434392,0.49134733652222334,1.2120809726271868e-10,0.47816815398835794,-0.5465446292918693,0.25917660488670813,0.00017753028188627134,2.1425013114239174e-10
24.700000000000003,0.0,0.9913473366051418,0.4913473364832824,1.2185181012351145e-10,0.478407873344803,-0.5465446292918693,0.25917660488670813,0.0001772752971338084,2.1538339997338358e-10
24.8,0.0,0.9913473365666415,0.4913473364441361,1.2249761575470567e-10,0.4786475926988051,-0.5465446292918695,0.25917660488670813,0.00017702186322762875,2.1652034473969966e-10
24.900000000000002,0.0,0.9913473365279372,0.4913473364047837,1.2314553266001839e-10,0.47888731205035606,-0.5465446292918695,0.25917660488670813,0.00017676996044160232,2.1766097171079395e-10
25.0,0.0,0.9913473364890282,0.4913473363652245,1.237955441861042e-10,0.4791270313994483,-0.5465446292918696,0.25917660488670813,0.00017651956942846102,2.188052871598834e-10
25.1,0.0,0.9913473364499136,0.49134733632545796,1.2444765773445e-10,0.4793667507460735,-0.5465446292918696,0.25917660488670813,0.00017627067121013008,2.19953297363947e-10
25.200000000000003,0.0,0.9913473364105936,0.4913473362854834,1.2510187515542743e-10,0.47960647009022367,-0.5465446292918698,0.25917660488670813,0.00017602324716836618,2.2110500860372466e-10
25.3,0.0,0.9913473363710668,0.4913473362453002,1.25758231606099e-10,0.47984618943189106,-0.5465446292918699,0.25917660488670813,0.00017577727903569113,2.2226042716371562e-10
25.400000000000002,0.0,0.9913473363313325,0.4913473362049075,1.2641666787457003e-10,0.48008590877106744,-0.54654462929187,0.25917660488670813,0.0001755327488866092,2.2341955933217746e-10
25.5,0.0,0.9913473362913905,0.4913473361643047,1.2707724317273517e-10,0.480325628107745,-0.54654462929187,0.25917660488670813,0.0001752896391290983,2.2458241140112492e-10
25.6,0.0,0.9913473362512398,0.4913473361234913,1.2773994084724906e-10,0.4805653474419154,-0.5465446292918701,0.25917660488670813,0.0001750479324963645,2.2574898966632888e-10
25.700000000000003,0.0,0.9913473362108799,0.49134733608246645,1.2840476089811166e-10,0.4808050667735708,-0.5465446292918704,0.25917660488670813,0.0001748076120388499,2.2691930042731485e-10
25.8,0.0,0.99134733617031,0.49134733604122954,1.290717199786684e-10,0.48104478610270307,-0.5465446292918704,0.25917660488670813,0.00017456866111648515,2.2809334998736191e-10
25.900000000000002,0.0,0.9913473361295293,0.4913473359997797,1.2974080328594557e-10,0.4812845054293041,-0.5465446292918705,0.25917660488670813,0.0001743310633911772,2.292711446535017e-10
26.0,0.0,0.9913473360885375,0.4913473359581165,1.3041203117403198e-10,0.4815242247533658,-0.5465446292918706,0.25917660488670813,0.00017409480281952344,2.3045269073651692e-10
26.1,0.0,0.9913473360473337,0.4913473359162393,1.3108538513921057e-10,0.48176394407488027,-0.5465446292918708,0.25917660488670813,0.00017385986364574566,2.3163799455094022e-10
26.200000000000003,0.0,0.9913473360059174,0.49134733587414725,1.3176089478742862e-10,0.4820036633938391,-0.5465446292918709,0.25917660488670813,0.0001736262303948335,2.328270624150532e-10
26.3,0.0,0.9913473359642874,0.49134733583183965,1.3243856011868615e-10,0.4822433827102343,-0.546544629291871,0.25917660488670813,0.0001733938878658923,2.3401990065088485e-10
26.400000000000002,0.0,0.9913473359224435,0.49134733578931594,1.3311837743223975e-10,0.4824831020240576,-0.5465446292918711,0.25917660488670813,0.00017316282112568652,2.3521651558421097e-10
26.5,0.0,0.991347335880385,0.49134733574657535,1.3380034672808941e-10,0.482722821335301,-0.5465446292918711,0.25917660488670813,0.00017293301550237237,2.364169135445523e-10
26.6,0.0,0.9913473358381112,0.49134733570361727,1.344844606047483e-10,0.48296254064395605,-0.5465446292918712,0.25917660488670813,0.00017270445657941304,2.376211008651738e-10
26.700000000000003,0.0,0.9913473357956214,0.49134733566044103,1.3517074126667695e-10,0.483202259950015,-0.5465446292918712,0.25917660488670813,0.0001724771301896711,2.388290838830831e-10
26.8,0.0,0.9913473357529146,0.4913473356170457,1.3585919611536213e-10,0.48344197925346927,-0.5465446292918713,0.25917660488670813,0.0001722510224096693,2.400408689390297e-10
26.900000000000002,0.0,0.9913473357099906,0.49134733557343085,1.3654982145006044e-10,0.4836816985543106,-0.5465446292918714,0.25917660488670813,0.00017202611955401738,2.412564623775037e-10
27.0,0.0,0.9913473356668483,0.49134733552959575,1.3724261727077193e-10,0.4839214178525311,-0.5465446292918715,0.25917660488670813,0.00017180240816999632,2.4247587054673416e-10
27.1,0.0,0.9913473356234872,0.49134733548553977,1.3793759097898336e-10,0.48416113714812237,-0.5465446292918715,0.25917660488670813,0.00017157987503229667,2.4369909979868856e-10
27.200000000000003,0.0,0.9913473355799067,0.491347335441262,1.386347481258099e-10,0.48440085644107617,-0.5465446292918718,0.25917660488670813,0.00017135850713790462,2.449261564890713e-10
27.3,0.0,0.9913473355361061,0.49134733539676195,1.3933409056162324e-10,0.4846405757313839,-0.5465446292918718,0.25917660488670813,0.00017113829170113182,2.461570469773223e-10
27.400000000000002,0.0,0.9913473354920848,0.49134733535203884,1.400356201367951e-10,0.4848802950190377,-0.5465446292918719,0.25917660488670813,0.0001709192161487819,2.4739177762661625e-10
27.5,0.0,0.9913473354478414,0.49134733530709196,1.4073933315058202e-10,0.48512001430402923,-0.5465446292918721,0.25917660488670813,0.00017070126811545303,2.48630354803861e-10
27.6,0.0,0.9913473354033763,0.49134733526192065,1.4144525180744457e-10,0.48535973358634993,-0.5465446292918722,0.25917660488670813,0.00017048443543896772,2.498727848796968e-10
27.700000000000003,0.0,0.9913473353586878,0.4913473352165242,1.4215336685552415e-10,0.4855994528659916,-0.5465446292918722,0.25917660488670813,0.0001702687061559293,2.5111907422849497e-10
27.8,0.0,0.9913473353137763,0.491347335170902,1.4286368939705103e-10,0.4858391721429459,-0.5465446292918723,0.25917660488670813,0.00017005406849739856,2.5236922922835656e-10
27.900000000000002,0.0,0.9913473352686402,0.49134733512505324,1.435762138809101e-10,0.4860788914172047,-0.5465446292918724,0.25917660488670813,0.00016984051088468703,2.536232562611111e-10
28.0,0.0,0.991347335223279,0.4913473350789773,1.4429094400784472e-10,0.48631861068875915,-0.5465446292918725,0.25917660488670813,0.0001696280219252648,2.5488116171231593e-10
28.1,0.0,0.9913473351776921,0.49134733503267336,1.450078890297135e-10,0.48655832995760134,-0.5465446292918728,0.25917660488670813,0.00016941659040877686,2.561429519712544e-10
28.200000000000003,0.0,0.9913473351318791,0.49134733498614097,1.4572705449763154e-10,0.4867980492237225,-0.5465446292918728,0.25917660488670813,0.00016920620530316613,2.57408633430935e-10
28.3,0.0,0.9913473350858384,0.491347334939379,1.4644844596271392e-10,0.48703776848711433,-0.5465446292918728,0.25917660488670813,0.00016899685575089875,2.586782124880903e-10
28.400000000000002,0.0,0.9913473350395703,0.49134733489238697,1.4717204307087192e-10,0.48727748774776847,-0.546544629291873,0.25917660488670813,0.00016878853106528944,2.5995169554317546e-10
28.5,0.0,0.9913473349930733,0.49134733484516435,1.4789789023102646e-10,0.4875172070056765,-0.546544629291873,0.25917660488670813,0.00016858122072692275,2.612290890003671e-10
28.6,0.0,0.9913473349463475,0.49134733479771037,1.486259633883454e-10,0.48775692626083006,-0.5465446292918732,0.25917660488670813,0.00016837491438016774,2.6251039926756257e-10
28.700000000000003,0.0,0.9913473348993916,0.4913473347500241,1.493562662435721e-10,0.4879966455132204,-0.5465446292918732,0.25917660488670813,0.00016816960182978351,2.6379563275637795e-10
28.8,0.0,0.9913473348522052,0.4913473347021049,1.5008880249745005e-10,0.48823636476283916,-0.5465446292918733,0.25917660488670813,0.0001679652730376117,2.6508479588214784e-10
28.900000000000002,0.0,0.9913473348047874,0.49134733465395225,1.5082358880332455e-10,0.4884760840096779,-0.5465446292918735,0.25917660488670813,0.0001677619181193541,2.663778950639234e-10
29.0,0.0,0.9913473347571374,0.4913473346055652,1.5156062516119562e-10,0.48871580325372804,-0.5465446292918735,0.25917660488670813,0.0001675595273414331,2.6767493672447143e-10
29.1,0.0,0.991347334709255,0.49134733455694335,1.5229990416957642e-10,0.4889555224949812,-0.5465446292918739,0.25917660488670813,0.00016735809111793106,2.6897592729027326e-10
29.200000000000003,0.0,0.9913473346611391,0.49134733450808565,1.5304144618255578e-10,0.48919524173342877,-0.546544629291874,0.25917660488670813,0.00016715760000760802,2.702808731915237e-10
29.3,0.0,0.9913473346127887,0.49134733445899137,1.5378524934976193e-10,0.489434960969062,-0.546544629291874,0.25917660488670813,0.00016695804471099368,2.7158978086212955e-10
29.400000000000002,0.0,0.9913473345642037,0.49134733440966005,1.5453130071859295e-10,0.48967468020187255,-0.5465446292918741,0.25917660488670813,0.00016675941606755242,2.7290265673970863e-10
29.5,0.0,0.9913473345153826,0.49134733436009087,1.5527962434388105e-10,0.4899143994318518,-0.5465446292918743,0.25917660488670813,0.00016656170505291906,2.7421950726558827e-10
29.6,0.0,0.9913473344663257,0.49134733431028305,1.560302146745111e-10,0.4901541186589912,-0.5465446292918744,0.25917660488670813,0.00016636490277620295,2.7554033888480485e-10
29.700000000000003,0.0,0.9913473344170318,0.4913473342602361,1.567830809623416e-10,0.490393837883282,-0.5465446292918746,0.25917660488670813,0.00016616900047735896,2.76865158046102e-10
29.8,0.0,0.9913473343674999,0.49134733420994897,1.5753822875848773e-10,0.4906335571047158,-0.5465446292918748,0.25917660488670813,0.0001659739895246221,2.7819397120192957e-10
29.900000000000002,0.0,0.9913473343177297,0.49134733415942117,1.5829564696071922e-10,0.49087327632328365,-0.5465446292918749,0.25917660488670813,0.00016577986141200562,2.7952678480844246e-10
30.0,0.0,0.99134733426772,0.4913473341086518,1.5905535037200973e-10,0.49111299553897714,-0.546544629291875,0.25917660488670813,0.00016558660775685966,2.8086360532549953e-10
