j,l,ux,uy,uz
-9,0,-0.4907909174066034,-0.00042075686227935555,0.000480075344231829
-9,1,0.49367463508216936,2.871730330621494e-05,0.0006873643620973183
-9,2,0.47771379356588894,0.00016682150798190024,0.0004077198465151031
-9,3,0.4614578200646026,0.00015479026588880422,0.00024802393239520276
-9,4,0.4451879539607768,3.747912939747973e-05,0.00015238205737682316
-9,5,0.4292644148872423,-0.00016874362375750908,0.00012746744122663087
-9,6,0.41399933558979707,-0.0002899551712324501,0.00019464983534390727
-9,7,0.3996176038579195,-0.00031948975546091345,0.00020251332587634894
-8,-2,-0.45848805424703054,-0.0012555958475495667,3.3858546179706727e-06
-8,-1,-0.47340163907167965,-0.0014148587757193162,0.0003618847637860179
-8,0,-0.48979631955829983,-0.0015074221658273115,0.0010666007652487802
-8,1,0.4927700988025478,-6.483224435049273e-05,0.0010163162530028808
-8,2,0.47508379068417056,0.00034629859805958735,0.0004253453030198317
-8,3,0.45710886867832057,0.00028337808405232633,0.00019127817391100845
-8,4,0.4390871950237285,-6.482536605430529e-05,0.000171989196960368
-8,5,0.4214624664169033,-0.0005184753097064575,0.000338231534932254
-8,6,0.40469570642669384,-0.0008594315796009008,0.0005049406696219298
-8,7,0.3892072503278188,-0.0007512871626365709,0.000510051539711452
-8,8,0.37519140103450715,-0.0004120577695976245,0.00032893222947657944
-7,-3,-0.43899015245214434,-0.0017741945658866802,-0.0002325282956783518
-7,-2,-0.4534576144212573,-0.0032399733607675245,-0.0001526919797859506
-7,-1,-0.4700425850056247,-0.003472735134200493,4.821656994682203e-05
-7,0,-0.48857644040323583,-0.002778471136067166,0.0007053346752209508
-7,1,0.4915870396505248,-8.899113890179802e-05,0.0005956223792336579
-7,2,0.4716945842276366,0.0005907095369165347,-6.910143100477309e-05
-7,3,0.45149757889897585,0.00025578188560665806,-0.00010058876455361647
-7,4,0.4311976574962712,-0.0003887717835363997,0.00029850957402066273
-7,5,0.41148237917170016,-0.0011871839753767753,0.0007666944661918721
-7,6,0.39307562653710193,-0.0015466949168266647,0.0011976745033513488
-7,7,0.37663258111240705,-0.0014102299163806788,0.0012050361962974907
-7,8,0.3623317532984927,-0.0008131312511893377,0.0009534548380109202
-7,9,0.3501148872818429,-0.0002863530576501184,0.000495471999052873
-6,-4,-0.4180261929412765,-0.0019367691865205296,-0.0006574169801224416
-6,-3,-0.4315828478097511,-0.004118362079780841,-0.0010894712930690786
-6,-2,-0.44743844978535535,-0.005964843635211695,-0.0013813163580275523
-6,-1,-0.46594008408068316,-0.005790534676302528,-0.0013313658941362932
-6,0,-0.4871108306465608,-0.004299294991556069,-0.00046241925284797134
-6,1,0.4899280334961952,-2.2551914984398247e-07,-0.0003517817250720646
-6,2,0.46716018162063566,0.0007594817931122646,-0.0008006042481162416
-6,3,0.4440685414723472,-2.7477843081765677e-05,-0.0002689561844270805
-6,4,0.42081508774171106,-0.0011382929871391779,0.0006657635749467377
-6,5,0.3986139177931664,-0.0020718692052925924,0.001684113766096651
-6,6,0.37863882813763294,-0.0023597142681506846,0.00209813932244238
-6,7,0.3615146416963919,-0.001934435512899502,0.00217175306256546
-6,8,0.34722725711942626,-0.0009835993247441408,0.001403887769616946
-6,9,0.3353991848346359,-0.0003726631565791162,0.0006102109561419462
-5,-5,-0.3962710537080835,-0.0017742407088318383,-0.0011085779626897679
-5,-4,-0.408195704234756,-0.004249871923427547,-0.0021137611939163496
-5,-3,-0.4225993743477363,-0.007063496985576096,-0.0031150674228196907
-5,-2,-0.4399888672007378,-0.008966444726179556,-0.003639106476458919
-5,-1,-0.46085310894074477,-0.008578007610307062,-0.003659893331942307
-5,0,-0.4853561607962361,-0.006134963133454923,-0.0022957644368294433
-5,1,0.48753057221700874,5.773289309773426e-05,-0.0016593318693150253
-5,2,0.4608304825732959,0.0007829074246886757,-0.0014466508224506773
-5,3,0.43378011028554825,-0.0008732864564948428,-0.00016111894829832764
-5,4,0.4066725904474287,-0.0023268945177128716,0.0017444750480309107
-5,5,0.3818482368694979,-0.0032092149053694883,0.0028217788450078866
-5,6,0.36078928055726617,-0.003059395101846203,0.003494785403885313
-5,7,0.34360275652575023,-0.0018139157487513295,0.0024282734508967933
-5,8,0.32989289910893344,-0.0010109765235811557,0.0014428896144013754
-5,9,0.3190788752516025,-0.0002959004066327822,0.0006351681057898152
-5,10,0.31051721989396247,-3.614582886876303e-05,0.0001721389500632071
-4,-6,-0.37464364062374855,-0.0013963872227109595,-0.0013563947483314375
-4,-5,-0.38423482635726136,-0.003675725054450881,-0.002855566743290183
-4,-4,-0.39611545598739095,-0.006869111444297942,-0.004505008757750547
-4,-3,-0.4111792084324451,-0.01007144270392453,-0.005830395847104839
-4,-2,-0.4303682662649843,-0.012372781247113884,-0.00670667299907374
-4,-1,-0.45444345499135275,-0.011890273614717811,-0.006781820045144931
-4,0,-0.48344888129344243,-0.008623630501101593,-0.004690719090752364
-4,1,0.48392787734878223,1.5201467497690332e-05,-0.002994082302295043
-4,2,0.4514936599330916,0.00024159297811793002,-0.0016306896924579981
-4,3,0.41857001881876404,-0.002359899652398181,0.0011008096036899905
-4,4,0.3869115457011227,-0.004031164463535982,0.003302169106129056
-4,5,0.36017566673000245,-0.0042492007208707935,0.004906700373274373
-4,6,0.3390469761797247,-0.002484815539566603,0.0033136501055483973
-4,7,0.3228518548531211,-0.0016163272130347637,0.001979954090908197
-4,8,0.3106176738462488,-0.0007698221517557282,0.0009499450791833891
-4,9,0.3013719419246812,-0.000304594940166076,0.0003946528248446779
-4,10,0.2942555346787043,3.505746601238269e-05,5.057337081863746e-05
-3,-7,-0.3540740131423582,-0.0009619305984554607,-0.0012038106524574488
-3,-6,-0.3610215183415641,-0.002707712957696437,-0.0029190722072517687
-3,-5,-0.3696865755191557,-0.005583794933920178,-0.0050523168133307095
-3,-4,-0.38086730990942785,-0.00923093952524852,-0.006986606243304326
-3,-3,-0.3959278995412419,-0.013097933721424128,-0.008831533997504895
-3,-2,-0.4169040782926523,-0.016100707609735473,-0.010224675024043445
-3,-1,-0.4458190446598535,-0.016126131427075877,-0.010544861733065456
-3,0,-0.4822447630073325,-0.012239429369214915,-0.0073066493259277615
-3,1,0.47791180784676973,-0.0008335863040945409,-0.0037898749252178697
-3,2,0.4361052927213231,-0.0010644015457663934,-2.986175376905575e-05
-3,3,0.3948804451197743,-0.004821601859418434,0.0034343297629034607
-3,4,0.35962736840228077,-0.0057155789119234714,0.006651323781522993
-3,5,0.3328244598806354,-0.0029452779063354026,0.0040139943029503375
-3,6,0.31351460965249695,-0.0019171635807298415,0.0020387854948865736
-3,7,0.29985521462976417,-0.001071739135960421,0.0007088088652159974
-3,8,0.2900287640317226,-0.0007159898546953458,9.08089479781555e-05
-3,9,0.2827785369368971,-0.0002974450733474453,-0.00011958258400184503
-3,10,0.2773273804330341,1.8821224370127846e-05,-0.00011798097305688959
-2,-7,-0.3389414892299149,-0.0011999356521359774,-0.0017884483259611238
-2,-6,-0.34478558177339774,-0.0032961934288161902,-0.0041585148902937435
-2,-5,-0.35199588791738623,-0.006558811756240197,-0.006407866377709183
-2,-4,-0.3614052624171103,-0.010694222426996008,-0.008710309457811639
-2,-3,-0.37470469644142834,-0.015310046190944534,-0.011118351096109222
-2,-2,-0.39570743257999846,-0.019617871055289813,-0.013466978996370135
-2,-1,-0.4309385259095334,-0.021213705236647555,-0.014443362943516488
-2,0,-0.48257367208707747,-0.01780430543442434,-0.009670322445570883
-2,1,0.4658840557599561,-0.002466263522664266,-0.0030375266655106774
-2,2,0.4077553401918545,-0.0036029578835374476,0.0030483514056367403
-2,3,0.3590760182494695,-0.007293293867155341,0.008652154668214819
-2,4,0.32374128012711295,-0.003050865052057612,0.004531287647828752
-2,5,0.30045970336727545,-0.0015878543918939052,0.0015934474253972123
-2,6,0.28564023736228294,-0.0007513336026503677,-5.176786740120477e-05
-2,7,0.2757656399655551,-0.0007114833130723201,-0.0006703195528004277
-2,8,0.2687977452792771,-0.0006402800125091729,-0.0006917457424619925
-2,9,0.263756345022101,-0.0004084086016101331,-0.00046796004123175197
-2,10,0.26008761914597656,-1.2391763635492982e-05,-0.00019910435501434499
-1,-8,-0.3193055266811271,-0.00020757502783459175,-0.0006916920242709377
-1,-7,-0.3222512879556607,-0.0010389651068616144,-0.002523259654150794
-1,-6,-0.32606223486284575,-0.0032253914686614024,-0.004378968380072495
-1,-5,-0.3309095134299836,-0.0064506867557997975,-0.006298115783997237
-1,-4,-0.33711519914322124,-0.010593864004697187,-0.008430458783913575
-1,-3,-0.34557687727441355,-0.015585399240825987,-0.01121426533034938
-1,-2,-0.36027292328672983,-0.020992148107508615,-0.014804698310907971
-1,-1,-0.3955112055487453,-0.025497963780622152,-0.017841762315574057
-1,0,-0.4752281450018476,-0.024876300815014945,-0.012389612840863538
-1,1,0.4350910747160858,-0.004797887663905557,-0.0032800588622597304
-1,2,0.35845001889906,-0.007247811259005474,0.008589163567462248
-1,3,0.3098684292623168,-0.003099523769560698,0.003119959086983659
-1,4,0.28187445534416844,-0.0011117626737709263,-0.00021903521119284356
-1,5,0.26676734487109816,1.3946095362904671e-05,-0.0018124320628909983
-1,6,0.25772003994269216,-0.00023674109701618263,-0.002051839243498106
-1,7,0.2517419143867858,-0.0005949743912488411,-0.0016091218750385302
-1,8,0.2475992431549648,-0.0008424850686729348,-0.0010102314530970444
-1,9,0.24467908410699418,-0.0005782213502512586,-0.0005055469038926106
-1,10,0.24273725869716245,-2.7113913709082865e-05,-0.00016406391618608454
0,-8,-0.3025748719911899,0.00038324332974605014,-0.0009736532856125797
0,-7,-0.3035174699644293,-0.0002593940460578092,-0.002206821949792318
0,-6,-0.30467234258008896,-0.0019538111517528123,-0.0033283871677167332
0,-5,-0.3061635841792765,-0.004393745016301764,-0.004510558836737764
0,-4,-0.3078561922539699,-0.007538576311512752,-0.00610984604140066
0,-3,-0.30885137579917954,-0.011205070807378734,-0.008698727557591948
0,-2,-0.3082405465513908,-0.015265053243969323,-0.013291746620563434
0,-1,-0.3152899912641286,-0.02004100598277199,-0.019277310345230586
0,0,-0.3951356051170337,-0.021517573506702657,-0.015378256721814029
0,1,0.3568753514739184,-0.0025594776965292138,0.0017082093184433112
0,2,0.280486491921912,0.003394685870030054,0.0020314521095275958
0,3,0.2508790946650599,0.0023327183828232086,1.3284678847709183e-05
0,4,0.2392665466604065,0.0023798434429913623,-0.001653521171241577
0,5,0.23342130548874193,0.001301450082796043,-0.0020097783941073286
0,6,0.23004231236863854,0.00010069602667792593,-0.0014228178327445815
0,7,0.22794670982462328,-0.0008571332768083415,-0.0007509572768634861
0,8,0.22661732825902958,-0.0012478199370438456,-0.000243127044568963
0,9,0.22576361280754612,-0.0008757172453755496,-7.424118619175061e-05
1,-9,-0.28645742566105453,0.0003193163819007264,-3.379875072246747e-05
1,-8,-0.2850195906446096,0.0008033691532535555,-0.00012721309328188497
1,-7,-0.28345102209616,0.0004654877403027423,-6.500769849615489e-06
1,-6,-0.2814492969480813,-0.000502113470586962,0.0004112169590760364
1,-5,-0.27875792327247206,-0.0017774371754384747,0.0009249193987663263
1,-4,-0.2748922346163483,-0.003071962894525543,0.0013333619997678763
1,-3,-0.2685804145506645,-0.004040995224372559,0.0007582687225950689
1,-2,-0.2560698496182249,-0.003749082438864045,-0.0011838503723599933
1,-1,-0.22445225705486962,-0.0045711685105404845,-0.0035753324190936713
1,0,-0.1452855504660464,0.0011947409881561833,-0.0035175650175570702
1,1,0.10641666100865885,0.020002255327882773,0.013815487039670202
1,2,0.189093144182503,0.018610094628954646,0.01799765205374662
1,3,0.197853859081955,0.013640534390530885,0.012279261235415562
1,4,0.19811856171571016,0.009361074866461672,0.007890884761730048
1,5,0.19963501300620845,0.005601789785828896,0.005457991236861503
1,6,0.20182614462431187,0.0025570946717825708,0.0039960805563102235
1,7,0.20391085488984212,0.0004813200789992028,0.0028762763829770204
1,8,0.2056949802352718,-0.0005816848671970524,0.0017988013176206347
1,9,0.20731323448691055,-0.0004302591062972978,0.0005703039374740062
2,-9,-0.27027832401007784,0.00019288089710847478,0.00014947031622592193
2,-8,-0.2670920730994947,0.0003764489432999908,0.00038396047762526717
2,-7,-0.2632437779558828,-1.1991202172921864e-05,0.000811688885694912
2,-6,-0.258322952933732,-0.0007407913905214754,0.0012579492921938984
2,-5,-0.25165485182174757,-0.0013828079899359295,0.0015100095390744672
2,-4,-0.24197242553886056,-0.001706370535078592,0.0010334008735223457
2,-3,-0.22608928593622285,-0.000490074434584045,-0.0008532688246199154
2,-2,-0.19699623406309955,0.0017325480734316332,-0.004479995933210426
2,-1,-0.14681306599228264,0.00602044719910065,-0.010061971882837214
2,0,-0.0680092890632537,0.0033726331553864627,0.002255290377535678
2,1,0.0242374525199062,0.02337262609153706,0.01141610766781371
2,2,0.10686789777071981,0.024161224593676738,0.017075895673129712
2,3,0.14410973575022273,0.019449981697753894,0.014187472687801432
2,4,0.1599588503615339,0.013774810913791192,0.010610125935765513
2,5,0.16919893815984008,0.008641150285428905,0.007824245001633931
2,6,0.1760864709131226,0.00457114834337279,0.005618446038248301
2,7,0.18159936696111315,0.0017482165408544156,0.003655782685325833
2,8,0.1860150868005113,0.0003213937848920844,0.0016212924106443116
3,-9,-0.2536041118531393,9.959820104138816e-05,0.00017656059121474885
3,-8,-0.2487172392553879,0.00013198459023218076,0.0003678773815345089
3,-7,-0.2425931796025203,-0.00019928409765115288,0.0004842028882345256
3,-6,-0.23473992909574995,-0.0005361851881837562,0.0003087721802986508
3,-5,-0.2240530800757923,-0.0007142858496984122,-0.0005348245415620016
3,-4,-0.20835760283839874,7.34182898262538e-05,-0.0024628707068004275
3,-3,-0.18400289830137145,0.001614067804463418,-0.005685512393117603
3,-2,-0.14741911371253602,0.005944960996412853,-0.00993301812623863
3,-1,-0.09739524214585754,0.0021776420485368157,-0.004077341432109437
3,0,-0.037649488397696766,0.0009749380979504662,0.002162425843390533
3,1,0.015840056187029383,0.01623215314306759,0.008811601375284195
3,2,0.06983732549453993,0.019832454296321866,0.013704502776139407
3,3,0.10704291670695477,0.018084365405453336,0.012869810284803836
3,4,0.1294122734763442,0.013504080224359193,0.010536996327309577
3,5,0.14370681904580795,0.00867445320692497,0.008059085320405775
3,6,0.15395947676279118,0.004651939464568568,0.005739699850522324
3,7,0.16197770872957543,0.0018561998339517677,0.003342672895163619
3,8,0.16865196192623882,0.0006073313437539489,0.0013215069381644622
4,-9,-0.2367747512160412,1.8858106782184353e-05,0.00011849822061370908
4,-8,-0.23013466414193426,7.302328873705103e-06,6.536317498139343e-05
4,-7,-0.2217016464241279,-8.06793406716835e-05,-0.0002257051994902044
4,-6,-0.21087104260717154,-3.348147198668587e-05,-0.0010230385995328062
4,-5,-0.19625713385003926,0.0006452237379449651,-0.0025922651222384913
4,-4,-0.17592541306410814,0.0016478973606108066,-0.004774702004920751
4,-3,-0.14795667697407286,0.004455649746263285,-0.007595356169725999
4,-2,-0.11133466498161937,0.003446051002286645,-0.00433348256049679
4,-1,-0.06875614465507116,-0.00038359032948185066,-0.0008709582169272231
4,0,-0.02562171381225826,-0.0006293250117023058,0.0029389365875469985
4,1,0.015823003625655415,0.010638028539633089,0.006349918658057162
4,2,0.054144471673781155,0.014575966231240108,0.00960236304758867
4,3,0.08480512758957272,0.014377796770009374,0.0093637179423174
4,4,0.10716298887306658,0.011035011512131966,0.007890251988283373
4,5,0.1233040122532953,0.006972972766947673,0.005947269567895173
4,6,0.13542525345133274,0.0033644273955469816,0.0037469472900800256
4,7,0.145055777087844,0.0011652247586686586,0.0017103035971784584
5,-9,-0.21995063784667537,-2.533652379715756e-05,-9.632566814072205e-06
5,-8,-0.21175424809998142,2.055176885344914e-05,-0.00030462803769078873
5,-7,-0.201351543609097,8.959192225686628e-05,-0.000994640081812808
5,-6,-0.18800988151977008,0.0006539647788680974,-0.0022164833846378138
5,-5,-0.17074279391527958,0.0013836356892298475,-0.0036817129606682214
5,-4,-0.14849375673262644,0.003163305742905629,-0.005466915234762574
5,-3,-0.12049213470351103,0.0028792570724037493,-0.00391984650122801
5,-2,-0.08747258318789973,0.0011307105830047313,-0.0018263802242858738
5,-1,-0.05324352313752231,-0.001544737307523593,0.0008453157346778771
5,0,-0.019539724476190682,-0.0013323714916334813,0.0021145847029261336
5,1,0.014479385333449396,0.007093688986134708,0.0036601281635577146
5,2,0.04507079091500768,0.010254121632025015,0.0057198998228442845
5,3,0.07066754114441812,0.01046937949953624,0.0056464933069502055
5,4,0.09113175827409649,0.007888840672418525,0.0047072214219511495
5,5,0.10724432419535414,0.004434892705450086,0.003180920613233792
5,6,0.12004361952201739,0.001721036696127831,0.0015906100327987888
6,-8,-0.19400360292246843,0.00010258490785160091,-0.0004902726303897429
6,-7,-0.1822634991257685,0.00041757282237592507,-0.0014151449299004814
6,-6,-0.1674175740948275,0.0009331375448202939,-0.0024349175387289273
6,-5,-0.14907537427592502,0.0021406782338384,-0.0037037856110453153
6,-4,-0.12678247001128998,0.002239233496980382,-0.003107536534977403
6,-3,-0.100660344611463,0.0013767506666574382,-0.0021971549259774048
6,-2,-0.07224620150642286,-0.000160111119196707,-0.00039297892929196574
6,-1,-0.043917846107147225,-0.0018409066224120505,0.0007314393898433947
6,0,-0.015962746583647606,-0.0011726709489909431,0.000792811199021525
6,1,0.012473887240979028,0.0046993413053756684,0.0012780455545804018
6,2,0.03838426820343839,0.006832130160688841,0.0025993453354036496
6,3,0.06060730077749927,0.006967713483373128,0.002602771924605203
6,4,0.07916197553068206,0.004650383471754335,0.001997689199364014
6,5,0.09452766502542123,0.0020680831156426422,0.001110545546407026
7,-8,-0.17801832582708166,0.0002008414103755616,-0.0004988801548728157
7,-7,-0.16521306953802598,0.00037978957593963084,-0.0010917053137849454
7,-6,-0.14975722234045236,0.0012069170706472082,-0.002058834812790335
7,-5,-0.13137883623234647,0.0015230000468632638,-0.0020408637549845475
7,-4,-0.11011039433731375,0.001307764237905488,-0.0018339953189479862
7,-3,-0.086578797643958,0.0003744821808957469,-0.0009168446081291325
7,-2,-0.06203630301333187,-0.0007169031031261443,-0.0001505492983134378
7,-1,-0.037676997175411675,-0.0015171974275521199,0.00019154030695363894
7,0,-0.013634925967047748,-0.0008618774782954084,-0.0003980971640737319
7,1,0.010608695986900455,0.0029359261548572717,-0.0003677715545399545
7,2,0.033094975896826855,0.004044960361204223,0.0005348100558656802
7,3,0.0528803530376602,0.003793198998639815,0.0007029201328220628
7,4,0.0697919162107505,0.0020196293958493357,0.0005483918383477873
8,-7,-0.1503316842492064,0.00037488211411973384,-0.0006006035049303354
8,-6,-0.1349599904067983,0.0007361511733152203,-0.000848482701375054
8,-5,-0.11722280801212119,0.0009397137618094818,-0.0010907709884769338
8,-4,-0.09746416900484092,0.0005685115701689804,-0.0007380915490225492
8,-3,-0.07638453958698704,-8.909018198723584e-05,-0.00042164200011448596
8,-2,-0.05474299442071398,-0.0006716201463521435,-0.00018955791572035363
8,-1,-0.03323255023430084,-0.0010140438159979973,-0.0003560463417378301
8,0,-0.012027138442257206,-0.0005368488799470959,-0.0010301207984651309
8,1,0.009070465036887186,0.0015436283720230695,-0.001086547466914038
8,2,0.028865964308789613,0.0016380442427148827,-0.00019983084723721394
8,3,0.04669116966617888,0.0014739606704491964,0.00014063808650318456
9,-6,-0.12274067347605219,0.0003533657301294506,-0.00039023399711304456
9,-5,-0.105974071957947,0.0003429216151569393,-0.0003250272067903457
9,-4,-0.08782101347152976,0.00014983617743930926,-0.00023004757465749765
9,-3,-0.06878391522294267,-0.0001237005931425466,-0.00014931140036455117
9,-2,-0.0493384117083634,-0.0003675588633499382,-0.00021093586022091117
9,-1,-0.029944910708951247,-0.0004653353408084989,-0.0003987708335558877
9,0,-0.010865742701593156,-0.00030976124751207917,-0.0008107429705522597
9,1,0.007841865659370797,0.0003945657194166383,-0.0005841518282827603
