model,case,fraction,normal_MPa,shear1_MPa,shear2_MPa,delta_a_angstrom,delta_x_angstrom,delta_y_angstrom,linear_delta_a_angstrom,linear_delta_x_angstrom,linear_delta_y_angstrom,local_root_verified,minimum_H,force_residual,dynamic_hold,actual_yield_inferred
source_Al99_target_only,normal_xx50MPa,0.0,0.0,0.0,0.0,0.0,0.0,0.0,0.0,0.0,0.0,True,4.39354662111037,4.0024300145742074e-15,False,False
source_Al99_target_only,normal_xx50MPa,0.5,8.333333333333336,-10.206207261596575,-5.892556509887896,0.00015434322038009764,-0.0008443383835536972,-0.00048747899303178377,0.00015409875477442027,-0.0008445580071949588,-0.0004876057928002634,True,4.3870101381416085,1.3138361926179343e-15,False,False
source_Al99_target_only,normal_xx50MPa,1.0,16.66666666666667,-20.41241452319315,-11.785113019775793,0.00030917778874867206,-0.0016882410306178226,-0.000974706413484825,0.00030819750954884053,-0.0016891160143899177,-0.0009752115856005268,True,4.380491284207618,1.6267369395972509e-15,False,False
source_Al99_target_only,normal_xx50MPa,0.5,8.333333333333336,-10.206207261596575,-5.892556509887896,0.00015434322038009764,-0.0008443383835530899,-0.00048747899303162883,0.00015409875477442027,-0.0008445580071949588,-0.0004876057928002634,True,4.3870101381416164,2.2661993809292014e-15,False,False
source_Al99_target_only,normal_xx50MPa,0.0,0.0,0.0,0.0,6.358874457669288e-16,1.0266260258207355e-16,-2.733582517511036e-16,0.0,0.0,0.0,True,4.393546621110354,4.747838632583785e-15,False,False
source_Al99_target_only,normal_xx50MPa,-0.5,-8.333333333333336,10.206207261596575,5.892556509887896,-0.00015385549425421695,0.0008447761714362434,0.000487731749982705,-0.00015409875477442027,0.0008445580071949588,0.0004876057928002634,True,4.389864551642659,1.1180292802670522e-15,False,False
source_Al99_target_only,normal_xx50MPa,-1.0,-16.66666666666667,20.41241452319315,11.785113019775793,-0.00030722199202982395,0.0016899800659436698,0.000975710445997026,-0.00030819750954884053,0.0016891160143899177,0.0009752115856005268,True,4.386248603336,2.6272387043668743e-15,False,False
source_Al99_target_only,normal_xx50MPa,-0.5,-8.333333333333336,10.206207261596575,5.892556509887896,-0.00015385549425389898,0.0008447761714356845,0.00048773174998305936,-0.00015409875477442027,0.0008445580071949588,0.0004876057928002634,True,4.389864551642657,3.0257914229725458e-15,False,False
source_Al99_target_only,normal_xx50MPa,0.0,0.0,0.0,0.0,3.179437228834644e-16,-1.4147686238098757e-16,-2.4318808319967275e-16,0.0,0.0,0.0,True,4.3935466211103655,2.1708478997810273e-15,False,False
source_Al99_target_only,normal_yx50MPa,0.0,0.0,0.0,0.0,0.0,0.0,0.0,0.0,0.0,0.0,True,4.39354662111037,4.0024300145742074e-15,False,False
source_Al99_target_only,normal_yx50MPa,0.5,8.333333333333336,10.206207261596575,-5.892556509887896,0.00015434322038009764,0.0008443383835538526,-0.00048747899303183234,0.00015409875477442027,0.0008445580071949588,-0.0004876057928002634,True,4.387010138141606,1.3123183095764546e-15,False,False
source_Al99_target_only,normal_yx50MPa,1.0,16.66666666666667,20.41241452319315,-11.785113019775793,0.00030917778874867206,0.0016882410306189948,-0.0009747064134843638,0.00030819750954884053,0.0016891160143899177,-0.0009752115856005268,True,4.380491284207613,1.5681900222830336e-15,False,False
source_Al99_target_only,normal_yx50MPa,0.5,8.333333333333336,10.206207261596575,-5.892556509887896,0.00015434322038009764,0.0008443383835532765,-0.0004874789930316679,0.00015409875477442027,0.0008445580071949588,-0.0004876057928002634,True,4.387010138141618,2.7432483368228233e-15,False,False
source_Al99_target_only,normal_yx50MPa,0.0,0.0,0.0,0.0,6.358874457669288e-16,-1.6947105018853892e-16,-6.813259430838438e-16,0.0,0.0,0.0,True,4.393546621110359,2.1213778048371387e-15,False,False
source_Al99_target_only,normal_yx50MPa,-0.5,-8.333333333333336,-10.206207261596575,5.892556509887896,-0.0001538554942545349,-0.0008447761714352939,0.00048773174998325175,-0.00015409875477442027,-0.0008445580071949588,0.0004876057928002634,True,4.389864551642661,4.822531263215524e-16,False,False
source_Al99_target_only,normal_yx50MPa,-1.0,-16.66666666666667,-20.41241452319315,11.785113019775793,-0.00030722199203045983,-0.0016899800659434482,0.0009757104459973201,-0.00030819750954884053,-0.0016891160143899177,0.0009752115856005268,True,4.386248603335997,1.1874182193061245e-15,False,False
source_Al99_target_only,normal_yx50MPa,-0.5,-8.333333333333336,-10.206207261596575,5.892556509887896,-0.00015385549425421695,-0.0008447761714357042,0.00048773174998253607,-0.00015409875477442027,-0.0008445580071949588,0.0004876057928002634,True,4.389864551642667,9.590852417806772e-16,False,False
source_Al99_target_only,normal_yx50MPa,0.0,0.0,0.0,0.0,6.358874457669288e-16,1.7410747056322353e-16,-7.160334620407469e-16,0.0,0.0,0.0,True,4.393546621110359,2.1213778048371387e-15,False,False
source_Al99_target_only,normal_zx50MPa,0.0,0.0,0.0,0.0,0.0,0.0,0.0,0.0,0.0,0.0,True,4.39354662111037,4.0024300145742074e-15,False,False
source_Al99_target_only,normal_zx50MPa,0.5,8.333333333333336,0.0,11.785113019775793,0.0001543432203797797,2.5812601107155536e-17,0.0009749579860627761,0.00015409875477442005,4.715410737579543e-21,0.0009752115856005263,True,4.387010138141616,3.1008182133085427e-15,False,False
source_Al99_target_only,normal_zx50MPa,1.0,16.66666666666667,0.0,23.570226039551585,0.0003091777887483541,4.8552802656768616e-17,0.0019494128269680953,0.0003081975095488401,9.430821475159086e-21,0.0019504231712010526,True,4.380491284207614,9.341485918135106e-16,False,False
source_Al99_target_only,normal_zx50MPa,0.5,8.333333333333336,0.0,11.785113019775793,0.00015434322038009764,7.120040473570887e-17,0.0009749579860627702,0.00015409875477442005,4.715410737579543e-21,0.0009752115856005263,True,4.3870101381416164,1.6681534625861971e-15,False,False
source_Al99_target_only,normal_zx50MPa,0.0,0.0,0.0,0.0,0.0,9.037740576226309e-17,-2.6377802551098503e-16,0.0,0.0,0.0,True,4.393546621110372,4.0024300145742074e-15,False,False
source_Al99_target_only,normal_zx50MPa,-0.5,-8.333333333333336,0.0,-11.785113019775793,-0.0001538554942545349,1.127974058060533e-16,-0.0009754634999668173,-0.00015409875477442005,-4.715410737579543e-21,-0.0009752115856005263,True,4.389864551642662,1.8257964584655895e-15,False,False
source_Al99_target_only,normal_zx50MPa,-1.0,-16.66666666666667,0.0,-23.570226039551585,-0.00030722199203045983,1.125969581555841e-16,-0.0019514208919955164,-0.0003081975095488401,-9.430821475159086e-21,-0.0019504231712010526,True,4.386248603336007,1.7464328594396505e-15,False,False
source_Al99_target_only,normal_zx50MPa,-0.5,-8.333333333333336,0.0,-11.785113019775793,-0.00015385549425421695,2.7101852793391125e-16,-0.0009754634999677287,-0.00015409875477442005,-4.715410737579543e-21,-0.0009752115856005263,True,4.389864551642655,4.2975605712980425e-15,False,False
source_Al99_target_only,normal_zx50MPa,0.0,0.0,0.0,0.0,3.179437228834644e-16,1.0815089411855215e-16,-1.0304458343123438e-16,0.0,0.0,0.0,True,4.393546621110362,2.1708478997810273e-15,False,False
source_Al99_target_only,shear_xy10MPa,0.0,0.0,0.0,0.0,0.0,0.0,0.0,0.0,0.0,0.0,True,4.39354662111037,4.0024300145742074e-15,False,False
source_Al99_target_only,shear_xy10MPa,0.5,3.333333333333334,1.0054596118081233e-16,-2.3570226039551585,6.165169756734863e-05,2.5957044775983387e-17,-0.00019509029079420315,6.163950190976811e-05,9.258957534088408e-21,-0.00019504231712010536,True,4.391953090821461,1.6696008724864653e-14,False,False
source_Al99_target_only,shear_xy10MPa,1.0,6.666666666666668,2.0109192236162466e-16,-4.714045207910317,0.00012332812884870208,2.601290218109733e-17,-0.0003902767346937707,0.00012327900381953622,1.8517915068176817e-20,-0.0003900846342402107,True,4.390357018037641,6.491443667322461e-15,False,False
source_Al99_target_only,shear_xy10MPa,0.5,3.333333333333334,1.0054596118081233e-16,-2.3570226039551585,6.165169756893836e-05,2.9232151132473916e-17,-0.00019509029080337924,6.163950190976811e-05,9.258957534088408e-21,-0.00019504231712010536,True,4.391953090821401,2.1052495684237282e-15,False,False
source_Al99_target_only,shear_xy10MPa,0.0,0.0,0.0,0.0,3.179437228834644e-16,3.247034320289145e-17,3.2919237600615644e-16,0.0,0.0,0.0,True,4.393546621110368,2.329814909786558e-15,False,False
source_Al99_target_only,shear_xy10MPa,-0.5,-3.333333333333334,-1.0054596118081233e-16,2.3570226039551585,-6.162738387766812e-05,2.911996118803708e-17,0.00019499445075101365,-6.163950190976811e-05,-9.258957534088408e-21,0.00019504231712010536,True,4.393090859624119,8.848173929654202e-16,False,False
source_Al99_target_only,shear_xy10MPa,-1.0,-6.666666666666668,-2.0109192236162466e-16,4.714045207910317,-0.00012323053723210296,-2.920328445691378e-17,0.00038989302198021375,-0.00012327900381953622,-1.8517915068176817e-20,0.0003900846342402107,True,4.392636333100888,5.04045589988511e-16,False,False
source_Al99_target_only,shear_xy10MPa,-0.5,-3.333333333333334,-1.0054596118081233e-16,2.3570226039551585,-6.162738387957578e-05,-3.2411916552177576e-17,0.00019499445076045783,-6.163950190976811e-05,-9.258957534088408e-21,0.00019504231712010536,True,4.393090859624093,1.6225898662874938e-14,False,False
source_Al99_target_only,shear_xy10MPa,0.0,0.0,0.0,0.0,-1.589718614417322e-15,-2.935540279003759e-20,1.0226066622128668e-14,0.0,0.0,0.0,True,4.393546621110327,1.664405989591557e-14,False,False
source_Al99_target_only,shear_xz10MPa,0.0,0.0,0.0,0.0,0.0,0.0,0.0,0.0,0.0,0.0,True,4.39354662111037,4.0024300145742074e-15,False,False
source_Al99_target_only,shear_xz10MPa,0.5,3.333333333333334,-2.041241452319315,1.1785113019775795,6.165169756766658e-05,-0.0001689531478610059,9.754514539767681e-05,6.163950190976806e-05,-0.00016891160143899179,9.752115856005266e-05,True,4.391953090821448,1.0575253780314986e-14,False,False
source_Al99_target_only,shear_xz10MPa,1.0,6.666666666666668,-4.08248290463863,2.357022603955159,0.0001233281288461585,-0.0003379895667434643,0.00019513836734293485,0.00012327900381953611,-0.00033782320287798357,0.00019504231712010533,True,4.3903570180377045,1.2433847354498262e-14,False,False
source_Al99_target_only,shear_xz10MPa,0.5,3.333333333333334,-2.041241452319315,1.1785113019775795,6.165169756893836e-05,-0.00016895314786683854,9.754514540052237e-05,6.163950190976806e-05,-0.00016891160143899179,9.752115856005266e-05,True,4.391953090821402,2.2598839032744733e-15,False,False
source_Al99_target_only,shear_xz10MPa,0.0,0.0,0.0,0.0,6.358874457669288e-16,1.246390988142286e-15,-1.1172188470241773e-16,0.0,0.0,0.0,True,4.393546621110351,4.747838632583785e-15,False,False
source_Al99_target_only,shear_xz10MPa,-0.5,-3.333333333333334,2.041241452319315,-1.1785113019775795,-6.162738387766812e-05,0.0001688701479479878,-9.749722537589254e-05,-6.163950190976806e-05,0.00016891160143899179,-9.752115856005266e-05,True,4.39309085962412,1.5942108744226857e-15,False,False
source_Al99_target_only,shear_xz10MPa,-1.0,-6.666666666666668,4.08248290463863,-2.357022603955159,-0.0001232305372324209,0.00033765726179370704,-0.00019494651099076943,-0.00012327900381953611,0.00033782320287798357,-0.00019504231712010533,True,4.392636333100895,4.824374406908749e-15,False,False
source_Al99_target_only,shear_xz10MPa,-0.5,-3.333333333333334,2.041241452319315,-1.1785113019775795,-6.162738387957578e-05,0.00016887014795460633,-9.749722537906175e-05,-6.163950190976806e-05,0.00016891160143899179,-9.752115856005266e-05,True,4.393090859624104,1.3440637491868301e-14,False,False
source_Al99_target_only,shear_xz10MPa,0.0,0.0,0.0,0.0,-1.2717748915338577e-15,8.276002145966986e-15,-4.010770951526014e-15,0.0,0.0,0.0,True,4.393546621110341,1.521332284581238e-14,False,False
source_Al99_target_only,shear_yz10MPa,0.0,0.0,0.0,0.0,0.0,0.0,0.0,0.0,0.0,0.0,True,4.39354662111037,4.0024300145742074e-15,False,False
source_Al99_target_only,shear_yz10MPa,0.5,3.333333333333334,2.041241452319315,1.1785113019775795,6.165169756734863e-05,0.00016895314786106408,9.754514539765739e-05,6.163950190976806e-05,0.00016891160143899179,9.752115856005266e-05,True,4.391953090821447,1.0575253780314986e-14,False,False
source_Al99_target_only,shear_yz10MPa,1.0,6.666666666666668,4.08248290463863,2.357022603955159,0.0001233281288461585,0.00033798956674403784,0.00019513836734316497,0.00012327900381953611,0.00033782320287798357,0.00019504231712010533,True,4.3903570180377045,1.1918851322567647e-14,False,False
source_Al99_target_only,shear_yz10MPa,0.5,3.333333333333334,2.041241452319315,1.1785113019775795,6.165169756862042e-05,0.00016895314786712683,9.754514540071965e-05,6.163950190976806e-05,0.00016891160143899179,9.752115856005266e-05,True,4.3919530908213975,2.27975190808527e-15,False,False
source_Al99_target_only,shear_yz10MPa,0.0,0.0,0.0,0.0,3.179437228834644e-16,-1.3370524130144212e-15,-8.113728532466922e-16,0.0,0.0,0.0,True,4.393546621110359,1.8629330366542787e-15,False,False
source_Al99_target_only,shear_yz10MPa,-0.5,-3.333333333333334,-2.041241452319315,-1.1785113019775795,-6.162738387798606e-05,-0.0001688701479476602,-9.749722537640115e-05,-6.163950190976806e-05,-0.00016891160143899179,-9.752115856005266e-05,True,4.393090859624121,1.894046985223552e-15,False,False
source_Al99_target_only,shear_yz10MPa,-1.0,-6.666666666666668,-4.08248290463863,-2.357022603955159,-0.00012323053723210296,-0.0003376572617940465,-0.00019494651099063678,-0.00012327900381953611,-0.00033782320287798357,-0.00019504231712010533,True,4.392636333100883,1.9390955854903247e-15,False,False
source_Al99_target_only,shear_yz10MPa,-0.5,-3.333333333333334,-2.041241452319315,-1.1785113019775795,-6.162738387925783e-05,-0.00016887014795433436,-9.74972253786799e-05,-6.163950190976806e-05,-0.00016891160143899179,-9.752115856005266e-05,True,4.393090859624103,1.1109169140155473e-14,False,False
source_Al99_target_only,shear_yz10MPa,0.0,0.0,0.0,0.0,-9.53831168650393e-16,-7.948486596344005e-15,-4.036469013821632e-15,0.0,0.0,0.0,True,4.393546621110339,1.2369900172224377e-14,False,False
source_Al99_target_only,biaxial_opposite25MPa,0.0,0.0,0.0,0.0,0.0,0.0,0.0,0.0,0.0,0.0,True,4.39354662111037,4.0024300145742074e-15,False,False
source_Al99_target_only,biaxial_opposite25MPa,0.5,-2.2482909287922576e-16,-10.206207261596575,-1.7989716779971275e-16,1.6739173009444377e-07,-0.000844557766020561,4.264606432773401e-07,-7.998952964993703e-21,-0.0008445580071949588,-1.6253743440531256e-20,True,4.389115202568743,4.033075032903118e-16,False,False
source_Al99_target_only,biaxial_opposite25MPa,1.0,-4.496581857584515e-16,-20.41241452319315,-3.597943355994255e-16,6.70413626131987e-07,-0.0016891134721215067,1.705943665798817e-06,-1.5997905929987406e-20,-0.0016891160143899177,-3.250748688106251e-20,True,4.384716377316354,1.2776238400569184e-15,False,False
source_Al99_target_only,biaxial_opposite25MPa,0.5,-2.2482909287922576e-16,-10.206207261596575,-1.7989716779971275e-16,1.6739173009444377e-07,-0.0008445577660205135,4.2646064361250453e-07,-7.998952964993703e-21,-0.0008445580071949588,-1.6253743440531256e-20,True,4.389115202568745,1.0323996661083942e-15,False,False
source_Al99_target_only,biaxial_opposite25MPa,0.0,0.0,0.0,0.0,3.179437228834644e-16,-1.591567567816212e-16,-6.633646533847244e-16,0.0,0.0,0.0,True,4.393546621110368,3.1246645141228168e-15,False,False
source_Al99_target_only,biaxial_opposite25MPa,-0.5,2.2482909287922576e-16,10.206207261596575,1.7989716779971275e-16,1.6739173041238751e-07,0.0008445577660200346,4.2646064325832956e-07,7.998952964993703e-21,0.0008445580071949588,1.6253743440531256e-20,True,4.389115202568744,3.0662052739618597e-15,False,False
source_Al99_target_only,biaxial_opposite25MPa,-1.0,4.496581857584515e-16,20.41241452319315,3.597943355994255e-16,6.70413626131987e-07,0.00168911347212167,1.7059436653743927e-06,1.5997905929987406e-20,0.0016891160143899177,3.250748688106251e-20,True,4.38471637731635,1.0104610179650935e-15,False,False
source_Al99_target_only,biaxial_opposite25MPa,-0.5,2.2482909287922576e-16,10.206207261596575,1.7989716779971275e-16,1.6739173009444377e-07,0.0008445577660205133,4.264606436139302e-07,7.998952964993703e-21,0.0008445580071949588,1.6253743440531256e-20,True,4.389115202568746,1.027385966795111e-15,False,False
source_Al99_target_only,biaxial_opposite25MPa,0.0,0.0,0.0,0.0,3.179437228834644e-16,1.4272331368779492e-16,-6.780348961504552e-16,0.0,0.0,0.0,True,4.393546621110367,3.1246645141228168e-15,False,False
source_Al99_target_only,mixed_MPa,0.0,0.0,0.0,0.0,0.0,0.0,0.0,0.0,0.0,0.0,True,4.39354662111037,4.0024300145742074e-15,False,False
source_Al99_target_only,mixed_MPa,0.5,6.000000000000002,-10.206207261596576,-2.8284271247461903,0.00011114231336716486,-0.0008445181877803715,-0.00023371145997023,0.0001109511034375826,-0.0008445580071949588,-0.00023405078054412645,True,4.3879251264863885,1.0645781131635168e-15,False,False
source_Al99_target_only,mixed_MPa,1.0,12.000000000000004,-20.412414523193153,-5.656854249492381,0.00022266856144752625,-0.0016889574792194652,-0.00046674434712356703,0.0002219022068751652,-0.0016891160143899177,-0.0004681015610882529,True,4.382320179582512,3.056582764671134e-15,False,False
source_Al99_target_only,mixed_MPa,0.5,6.000000000000002,-10.206207261596576,-2.8284271247461903,0.00011114231336684692,-0.0008445181877800333,-0.00023371145997043538,0.0001109511034375826,-0.0008445580071949588,-0.00023405078054412645,True,4.38792512648639,3.5646399026978415e-15,False,False
source_Al99_target_only,mixed_MPa,0.0,0.0,0.0,0.0,3.179437228834644e-16,4.889173052096224e-16,-5.972485202783667e-16,0.0,0.0,0.0,True,4.3935466211103655,1.46054671416431e-15,False,False
source_Al99_target_only,mixed_MPa,-0.5,-6.000000000000002,10.206207261596576,2.8284271247461903,-0.00011076051362826265,0.000844597124872577,0.0002343896656160733,-0.0001109511034375826,0.0008445580071949588,0.00023405078054412645,True,4.389980440208175,3.3068166260807885e-15,False,False
source_Al99_target_only,mixed_MPa,-1.0,-12.000000000000004,20.412414523193153,5.656854249492381,-0.00022113815875266012,0.0016892671724353515,0.0004694546686312967,-0.0002219022068751652,0.0016891160143899177,0.0004681015610882529,True,4.386461848524974,6.804452834519026e-16,False,False
source_Al99_target_only,mixed_MPa,-0.5,-6.000000000000002,10.206207261596576,2.8284271247461903,-0.0001107605136279447,0.0008445971248730778,0.0002343896656167169,-0.0001109511034375826,0.0008445580071949588,0.00023405078054412645,True,4.389980440208174,9.419548474554063e-16,False,False
source_Al99_target_only,mixed_MPa,0.0,0.0,0.0,0.0,0.0,1.2953295714741903e-16,-2.682022250863635e-16,0.0,0.0,0.0,True,4.393546621110372,4.0024300145742074e-15,False,False
source_Al99_target_only,pure_interface_normal50MPa,0.0,0.0,0.0,0.0,0.0,0.0,0.0,0.0,0.0,0.0,True,4.39354662111037,4.0024300145742074e-15,False,False
source_Al99_target_only,pure_interface_normal50MPa,0.5,25.000000000000014,7.313107937135654e-16,-2.5831398936824165e-16,0.00046248876303904405,1.613489177352348e-19,-3.699250955141269e-16,0.00046229626432326077,6.992514875137279e-20,-2.9933466963981416e-19,True,4.389277343106097,4.874572967494828e-16,False,False
source_Al99_target_only,pure_interface_normal50MPa,1.0,50.00000000000003,1.4626215874271307e-15,-5.166279787364833e-16,0.0009253659033620126,2.3197493363233345e-17,-6.619164114970436e-16,0.0009245925286465215,1.3985029750274557e-19,-5.986693392796283e-19,True,4.3850195400555805,3.3046482217358175e-16,False,False
source_Al99_target_only,pure_interface_normal50MPa,0.5,25.000000000000014,7.313107937135654e-16,-2.5831398936824165e-16,0.00046248876303967994,6.519513873500014e-19,-9.47471921023018e-16,0.00046229626432326077,6.992514875137279e-20,-2.9933466963981416e-19,True,4.389277343106086,1.7212793690379868e-15,False,False
source_Al99_target_only,pure_interface_normal50MPa,0.0,0.0,0.0,0.0,3.179437228834644e-16,5.564779623372928e-17,-2.683706115011387e-16,0.0,0.0,0.0,True,4.393546621110362,2.1708478997810273e-15,False,False
source_Al99_target_only,pure_interface_normal50MPa,-0.5,-25.000000000000014,-7.313107937135654e-16,2.5831398936824165e-16,-0.0004621151433568801,5.871522869358554e-17,-4.994011164535934e-16,-0.00046229626432326077,-6.992514875137279e-20,2.9933466963981416e-19,True,4.397797675697505,4.6867891512203386e-15,False,False
source_Al99_target_only,pure_interface_normal50MPa,-1.0,-50.00000000000003,-1.4626215874271307e-15,5.166279787364833e-16,-0.0009238669608115882,8.097373684916779e-17,-6.252685292351392e-16,-0.0009245925286465215,-1.3985029750274557e-19,5.986693392796283e-19,True,4.402091229834982,8.76902717106276e-16,False,False
source_Al99_target_only,pure_interface_normal50MPa,-0.5,-25.000000000000014,-7.313107937135654e-16,2.5831398936824165e-16,-0.000462115143357516,1.0670772761721533e-16,-6.256072702402051e-16,-0.00046229626432326077,-6.992514875137279e-20,2.9933466963981416e-19,True,4.397797675697497,5.081872422874056e-15,False,False
source_Al99_target_only,pure_interface_normal50MPa,0.0,0.0,0.0,0.0,3.179437228834644e-16,8.080882252148601e-17,-6.908675744586875e-16,0.0,0.0,0.0,True,4.393546621110365,3.1246645141228168e-15,False,False
source_Al99_target_only,pure_interface_shear1_4MPa,0.0,0.0,0.0,0.0,0.0,0.0,0.0,0.0,0.0,0.0,True,4.39354662111037,4.0024300145742074e-15,False,False
source_Al99_target_only,pure_interface_shear1_4MPa,0.5,-6.062344036436679e-17,2.0,-4.7993670411985994e-17,6.413549014087498e-09,0.00016549890612993607,1.6351195619680302e-08,-3.6827280341357336e-22,0.00016549889406475626,-3.703504456402489e-21,True,4.392677774115505,6.564257164403746e-15,False,False
source_Al99_target_only,pure_interface_shear1_4MPa,1.0,-1.2124688072873357e-16,4.0,-9.598734082397199e-17,2.5666641327494816e-08,0.000330997884679464,6.542603251942046e-08,-7.365456068271467e-22,0.00033099778812951253,-7.407008912804978e-21,True,4.3918078985035995,2.7185887629553215e-15,False,False
source_Al99_target_only,pure_interface_shear1_4MPa,0.5,-6.062344036436679e-17,2.0,-4.7993670411985994e-17,6.413549014087498e-09,0.00016549890613089312,1.6351196043272367e-08,-3.6827280341357336e-22,0.00016549889406475626,-3.703504456402489e-21,True,4.392677774115498,5.292491975742291e-15,False,False
source_Al99_target_only,pure_interface_shear1_4MPa,0.0,0.0,0.0,0.0,0.0,1.0983571586515508e-15,-8.328246699496697e-16,0.0,0.0,0.0,True,4.3935466211103655,3.760547108453544e-15,False,False
source_Al99_target_only,pure_interface_shear1_4MPa,-0.5,6.062344036436679e-17,-2.0,4.7993670411985994e-17,6.41354933203122e-09,-0.0001654989061300482,1.6351195411577198e-08,3.6827280341357336e-22,-0.00016549889406475626,3.703504456402489e-21,True,4.392677774115502,6.246328834081467e-15,False,False
source_Al99_target_only,pure_interface_shear1_4MPa,-1.0,1.2124688072873357e-16,-4.0,9.598734082397199e-17,2.5666641645438536e-08,-0.00033099788467924287,6.542603289084112e-08,7.365456068271467e-22,-0.00033099778812951253,7.407008912804978e-21,True,4.391807898503595,1.9290125052862095e-15,False,False
source_Al99_target_only,pure_interface_shear1_4MPa,-0.5,6.062344036436679e-17,-2.0,4.7993670411985994e-17,6.413549014087498e-09,-0.00016549890613151648,1.6351196003667883e-08,3.6827280341357336e-22,-0.00016549889406475626,3.703504456402489e-21,True,4.392677774115492,3.9378214320906876e-15,False,False
source_Al99_target_only,pure_interface_shear1_4MPa,0.0,0.0,0.0,0.0,0.0,-1.019170086382648e-15,-9.86221513429999e-16,0.0,0.0,0.0,True,4.393546621110364,4.4793504503356055e-15,False,False
source_Al99_target_only,pure_interface_shear2_4MPa,0.0,0.0,0.0,0.0,0.0,0.0,0.0,0.0,0.0,0.0,True,4.39354662111037,4.0024300145742074e-15,False,False
source_Al99_target_only,pure_interface_shear2_4MPa,0.5,-3.2283228208003934e-17,-3.0415922995174157e-18,2.000000000000001,6.411276034412603e-09,2.9149746681825645e-17,0.0001654825533008706,-2.2833723020743387e-20,1.625515036055268e-23,0.00016549889406475632,True,4.39267837318001,2.2491265758963643e-15,False,False
source_Al99_target_only,pure_interface_shear2_4MPa,1.0,-6.456645641600787e-17,-6.083184599034831e-18,4.000000000000002,2.5649513699143084e-08,3.2410875562057795e-17,0.00033093245271944584,-4.5667446041486775e-20,3.251030072110536e-23,0.00033099778812951264,True,4.391809475937382,1.2557229561727112e-15,False,False
source_Al99_target_only,pure_interface_shear2_4MPa,0.5,-3.2283228208003934e-17,-3.0415922995174157e-18,2.000000000000001,6.41127571646888e-09,2.9165732034414367e-17,0.00016548255330382244,-2.2833723020743387e-20,1.625515036055268e-23,0.00016549889406475632,True,4.392678373179992,4.5636779945346095e-15,False,False
source_Al99_target_only,pure_interface_shear2_4MPa,0.0,0.0,0.0,0.0,0.0,6.499486781989562e-18,2.085997866728603e-15,0.0,0.0,0.0,True,4.393546621110353,3.959360424156267e-15,False,False
source_Al99_target_only,pure_interface_shear2_4MPa,-0.5,3.2283228208003934e-17,3.0415922995174157e-18,-2.000000000000001,6.415576859152048e-09,-1.6222616091277903e-17,-0.0001655152593328916,2.2833723020743387e-20,-1.625515036055268e-23,-0.00016549889406475632,True,4.392677204480488,3.541709026749773e-15,False,False
source_Al99_target_only,pure_interface_shear2_4MPa,-1.0,6.456645641600787e-17,6.083184599034831e-18,-4.000000000000002,2.567994663641004e-08,-1.6207875452394907e-17,-0.0003310633309279491,4.5667446041486775e-20,-3.251030072110536e-23,-0.00033099778812951264,True,4.391805467354994,7.909552058958203e-15,False,False
source_Al99_target_only,pure_interface_shear2_4MPa,-0.5,3.2283228208003934e-17,3.0415922995174157e-18,-2.000000000000001,6.415577177095771e-09,9.705511504294107e-18,-0.0001655152593348964,2.2833723020743387e-20,-1.625515036055268e-23,-0.00016549889406475632,True,4.392677204480476,1.5811405222049808e-15,False,False
source_Al99_target_only,pure_interface_shear2_4MPa,0.0,0.0,0.0,0.0,3.179437228834644e-16,3.2471187803754596e-18,-7.280912943410849e-16,0.0,0.0,0.0,True,4.393546621110367,3.1246645141228168e-15,False,False
shape_refinement/old_family,normal_xx50MPa,0.0,0.0,0.0,0.0,0.0,0.0,0.0,0.0,0.0,0.0,True,4.3935930351232955,6.0507154669279554e-15,False,False
shape_refinement/old_family,normal_xx50MPa,0.5,8.333333333333336,-10.206207261596575,-5.892556509887896,0.00015496397944449335,-0.000844250963226232,-0.00048742852088168325,0.00015409743685176333,-0.0008445490852656967,-0.00048760064172200483,True,4.376054839868664,9.965552688617763e-15,False,False
shape_refinement/old_family,normal_xx50MPa,1.0,16.66666666666667,-20.41241452319315,-11.785113019775793,0.0003116640253336581,-0.0016879335762321624,-0.0009745289046111227,0.00030819487370352665,-0.0016890981705313935,-0.0009752012834440097,True,4.358549694097334,1.0993810029003015e-14,False,False
shape_refinement/old_family,normal_xx50MPa,0.5,8.333333333333336,-10.206207261596575,-5.892556509887896,0.0001549639794448113,-0.0008442509632264309,-0.000487428520883409,0.00015409743685176333,-0.0008445490852656967,-0.00048760064172200483,True,4.37605483986862,5.6495606803874665e-15,False,False
shape_refinement/old_family,normal_xx50MPa,0.0,0.0,0.0,0.0,0.0,-3.3994478567638357e-16,7.59038852087975e-16,0.0,0.0,0.0,True,4.393593035123301,6.321152501537029e-15,False,False
shape_refinement/old_family,normal_xx50MPa,-0.5,-8.333333333333336,10.206207261596575,5.892556509887896,-0.00015323236031649588,0.0008448611920222451,0.0004877808366403934,-0.00015409743685176333,0.0008445490852656967,0.00048760064172200483,True,4.3855195049138285,1.3730336312356428e-15,False,False
shape_refinement/old_family,normal_xx50MPa,-1.0,-16.66666666666667,20.41241452319315,11.785113019775793,-0.0003047374504365266,0.0016903746444701206,0.0009759382560148371,-0.00030819487370352665,0.0016890981705313935,0.0009752012834440097,True,4.37723580465933,4.046676188584897e-15,False,False
shape_refinement/old_family,normal_xx50MPa,-0.5,-8.333333333333336,10.206207261596575,5.892556509887896,-0.00015323236031713176,0.0008448611920220446,0.00048778083664159324,-0.00015409743685176333,0.0008445490852656967,0.00048760064172200483,True,4.385519504913912,1.2916100480819814e-14,False,False
shape_refinement/old_family,normal_xx50MPa,0.0,0.0,0.0,0.0,3.179437228834644e-16,-2.338026464004336e-16,5.268128335838283e-16,0.0,0.0,0.0,True,4.393593035123255,9.074271828261494e-16,False,False
shape_refinement/old_family,normal_yx50MPa,0.0,0.0,0.0,0.0,0.0,0.0,0.0,0.0,0.0,0.0,True,4.3935930351232955,6.0507154669279554e-15,False,False
shape_refinement/old_family,normal_yx50MPa,0.5,8.333333333333336,10.206207261596575,-5.892556509887896,0.00015496397944449335,0.0008442509632271594,-0.0004874285208821782,0.00015409743685176381,0.0008445490852656943,-0.0004876006417220006,True,4.376054839868703,4.246386228756727e-15,False,False
shape_refinement/old_family,normal_yx50MPa,1.0,16.66666666666667,20.41241452319315,-11.785113019775793,0.00031166402533334015,0.0016879335762322516,-0.0009745289046136225,0.00030819487370352763,0.0016890981705313887,-0.0009752012834440012,True,4.358549694097238,1.3379054808471125e-15,False,False
shape_refinement/old_family,normal_yx50MPa,0.5,8.333333333333336,10.206207261596575,-5.892556509887896,0.00015496397944449335,0.0008442509632264356,-0.00048742852088192937,0.00015409743685176381,0.0008445490852656943,-0.0004876006417220006,True,4.376054839868752,8.21326513744669e-15,False,False
shape_refinement/old_family,normal_yx50MPa,0.0,0.0,0.0,0.0,1.589718614417322e-15,5.641267913042254e-16,1.1049791917190027e-15,0.0,0.0,0.0,True,4.393593035123294,2.1838234023181433e-15,False,False
shape_refinement/old_family,normal_yx50MPa,-0.5,-8.333333333333336,-10.206207261596575,5.892556509887896,-0.00015323236031776765,-0.0008448611920240543,0.0004877808366387557,-0.00015409743685176381,-0.0008445490852656943,0.0004876006417220006,True,4.385519504913736,5.198532576633497e-15,False,False
shape_refinement/old_family,normal_yx50MPa,-1.0,-16.66666666666667,-20.41241452319315,11.785113019775793,-0.0003047374504365266,-0.0016903746444725536,0.0009759382560145439,-0.00030819487370352763,-0.0016890981705313887,0.0009752012834440012,True,4.377235804659348,2.7668839441830073e-15,False,False
shape_refinement/old_family,normal_yx50MPa,-0.5,-8.333333333333336,-10.206207261596575,5.892556509887896,-0.0001532323603196753,-0.0008448611920236331,0.00048778083664041173,-0.00015409743685176381,-0.0008445490852656943,0.0004876006417220006,True,4.385519504913784,1.5163001063078774e-14,False,False
shape_refinement/old_family,normal_yx50MPa,0.0,0.0,0.0,0.0,9.53831168650393e-16,-4.2990766492693175e-16,8.625266682977019e-16,0.0,0.0,0.0,True,4.393593035123261,1.4448649181900043e-15,False,False
shape_refinement/old_family,normal_zx50MPa,0.0,0.0,0.0,0.0,0.0,0.0,0.0,0.0,0.0,0.0,True,4.3935930351232955,6.0507154669279554e-15,False,False
shape_refinement/old_family,normal_zx50MPa,0.5,8.333333333333336,0.0,11.785113019775793,0.00015496397944290364,1.452374862756587e-15,0.0009748570417645642,0.0001540974368517613,2.595853790014648e-18,0.0009752012834440022,True,4.37605483986868,2.8425612558224955e-15,False,False
shape_refinement/old_family,normal_zx50MPa,1.0,16.66666666666667,0.0,23.570226039551585,0.00031166402533620163,-1.2079514109936935e-15,0.0019490578092225556,0.0003081948737035226,5.191707580029296e-18,0.0019504025668880044,True,4.358549694097328,1.0490610154223393e-15,False,False
shape_refinement/old_family,normal_zx50MPa,0.5,8.333333333333336,0.0,11.785113019775793,0.00015496397944353952,8.30502733415989e-16,0.0009748570417655288,0.0001540974368517613,2.595853790014648e-18,0.0009752012834440022,True,4.376054839868613,4.042122539460458e-15,False,False
shape_refinement/old_family,normal_zx50MPa,0.0,0.0,0.0,0.0,3.179437228834644e-16,1.536269237669725e-16,2.8318589222337835e-16,0.0,0.0,0.0,True,4.393593035123276,1.490351710065972e-15,False,False
shape_refinement/old_family,normal_zx50MPa,-0.5,-8.333333333333336,0.0,-11.785113019775793,-0.00015323236031681382,2.1442733551060834e-16,-0.0009755616732855585,-0.0001540974368517613,-2.595853790014648e-18,-0.0009752012834440022,True,4.385519504913649,5.687290915989962e-15,False,False
shape_refinement/old_family,normal_zx50MPa,-1.0,-16.66666666666667,0.0,-23.570226039551585,-0.0003047374504365266,5.048449428568268e-16,-0.001951876512034716,-0.0003081948737035226,-5.191707580029296e-18,-0.0019504025668880044,True,4.377235804659384,5.18031798013574e-15,False,False
shape_refinement/old_family,normal_zx50MPa,-0.5,-8.333333333333336,0.0,-11.785113019775793,-0.00015323236031713176,-4.009227106356541e-17,-0.0009755616732861723,-0.0001540974368517613,-2.595853790014648e-18,-0.0009752012834440022,True,4.385519504913704,2.482172453688314e-15,False,False
shape_refinement/old_family,normal_zx50MPa,0.0,0.0,0.0,0.0,2.225606060184251e-15,3.6188476630147106e-16,6.45083603202627e-16,0.0,0.0,0.0,True,4.393593035123152,1.5229253068447792e-14,False,False
shape_refinement/old_family,shear_xy10MPa,0.0,0.0,0.0,0.0,0.0,0.0,0.0,0.0,0.0,0.0,True,4.3935930351232955,6.0507154669279554e-15,False,False
shape_refinement/old_family,shear_xy10MPa,0.5,3.333333333333334,1.0054596118081233e-16,-2.3570226039551585,6.168725627122553e-05,6.098153058590269e-16,-0.00019518213783409282,6.163897474070545e-05,-4.032552159363126e-19,-0.0001950402566888011,True,4.389121307708461,2.6381349362003537e-15,False,False
shape_refinement/old_family,shear_xy10MPa,1.0,6.666666666666668,2.0109192236162466e-16,-4.714045207910317,0.0001234711966198517,6.899294475773673e-16,-0.00039064850627555095,0.0001232779494814109,-8.065104318726252e-19,-0.0003900805133776022,True,4.384645318542999,5.371137562493189e-16,False,False
shape_refinement/old_family,shear_xy10MPa,0.5,3.333333333333334,1.0054596118081233e-16,-2.3570226039551585,6.16872562702717e-05,1.0040414884955773e-15,-0.00019518213783337927,6.163897474070545e-05,-4.032552159363126e-19,-0.0001950402566888011,True,4.3891213077084466,5.652216975710056e-15,False,False
shape_refinement/old_family,shear_xy10MPa,0.0,0.0,0.0,0.0,6.358874457669288e-16,1.0696101273747275e-15,6.427980836087841e-16,0.0,0.0,0.0,True,4.3935930351233194,9.141849094557744e-15,False,False
shape_refinement/old_family,shear_xy10MPa,-0.5,-3.333333333333334,-1.0054596118081233e-16,2.3570226039551585,-6.15907537237935e-05,1.5491393940619602e-15,0.00019489860945478283,-6.163897474070545e-05,4.032552159363126e-19,0.0001950402566888011,True,4.392956984260112,1.906764676706807e-14,False,False
shape_refinement/old_family,shear_xy10MPa,-1.0,-6.666666666666668,-2.0109192236162466e-16,4.714045207910317,-0.00012308518644061568,1.4284876229177487e-15,0.0003895143917673722,-0.0001232779494814109,8.065104318726252e-19,0.0003900805133776022,True,4.392318644448566,1.945275537873492e-15,False,False
shape_refinement/old_family,shear_xy10MPa,-0.5,-3.333333333333334,-1.0054596118081233e-16,2.3570226039551585,-6.159075372188583e-05,2.1249908811944696e-15,0.0001948986094544401,-6.163897474070545e-05,4.032552159363126e-19,0.0001950402566888011,True,4.392956984260026,6.8512903683704e-15,False,False
shape_refinement/old_family,shear_xy10MPa,0.0,0.0,0.0,0.0,1.589718614417322e-15,4.578111606752857e-17,1.2011452988181963e-16,0.0,0.0,0.0,True,4.393593035123271,8.710997395349094e-16,False,False
shape_refinement/old_family,shear_xz10MPa,0.0,0.0,0.0,0.0,0.0,0.0,0.0,0.0,0.0,0.0,True,4.3935930351232955,6.0507154669279554e-15,False,False
shape_refinement/old_family,shear_xz10MPa,0.5,3.333333333333334,-2.041241452319315,1.1785113019775795,6.168725626645639e-05,-0.0001690326897285562,9.759106891514675e-05,6.163897474070493e-05,-0.00016890981705313882,9.752012834439951e-05,True,4.389121307708489,9.582775111621755e-15,False,False
shape_refinement/old_family,shear_xz10MPa,1.0,6.666666666666668,-4.08248290463863,2.357022603955159,0.00012347119662048758,-0.0003383115303816033,0.0001953242531349821,0.00012327794948140987,-0.00033781963410627763,0.00019504025668879902,True,4.384645318543191,5.362355524896056e-15,False,False
shape_refinement/old_family,shear_xz10MPa,0.5,3.333333333333334,-2.041241452319315,1.1785113019775795,6.168725626836404e-05,-0.0001690326897281518,9.759106891518878e-05,6.163897474070493e-05,-0.00016890981705313882,9.752012834439951e-05,True,4.389121307708386,1.0646269022612787e-14,False,False
shape_refinement/old_family,shear_xz10MPa,0.0,0.0,0.0,0.0,6.358874457669288e-16,3.2460232687873014e-16,1.0290156730000915e-16,0.0,0.0,0.0,True,4.39359303512331,7.204546947628306e-15,False,False
shape_refinement/old_family,shear_xz10MPa,-0.5,-3.333333333333334,2.041241452319315,-1.1785113019775795,-6.15907537237935e-05,0.00016878714695304473,-9.74493047289639e-05,-6.163897474070493e-05,0.00016890981705313882,-9.752012834439951e-05,True,4.392956984259915,8.442573896927374e-15,False,False
shape_refinement/old_family,shear_xz10MPa,-1.0,-6.666666666666668,4.08248290463863,-2.357022603955159,-0.0001230851864393439,0.0003373293584122746,-0.00019475719588332206,-0.00012327794948140987,0.00033781963410627763,-0.00019504025668879902,True,4.392318644448521,3.990622936267396e-15,False,False
shape_refinement/old_family,shear_xz10MPa,-0.5,-3.333333333333334,2.041241452319315,-1.1785113019775795,-6.159075372252172e-05,0.00016878714695272,-9.744930472817196e-05,-6.163897474070493e-05,0.00016890981705313882,-9.752012834439951e-05,True,4.392956984259812,9.450285606144027e-15,False,False
shape_refinement/old_family,shear_xz10MPa,0.0,0.0,0.0,0.0,0.0,3.8967478579119796e-16,-1.2672521718844266e-15,0.0,0.0,0.0,True,4.393593035123286,6.593485912626372e-15,False,False
shape_refinement/old_family,shear_yz10MPa,0.0,0.0,0.0,0.0,0.0,0.0,0.0,0.0,0.0,0.0,True,4.3935930351232955,6.0507154669279554e-15,False,False
shape_refinement/old_family,shear_yz10MPa,0.5,3.333333333333334,2.041241452319315,1.1785113019775795,6.168725626709227e-05,0.00016903268972741754,9.759106891744312e-05,6.163897474070503e-05,0.00016890981705313944,9.752012834440038e-05,True,4.389121307708432,2.550748241098022e-15,False,False
shape_refinement/old_family,shear_yz10MPa,1.0,6.666666666666668,4.08248290463863,2.357022603955159,0.00012347119661953375,0.0003383115303836019,0.00019532425313613887,0.00012327794948141006,0.0003378196341062789,0.00019504025668880075,True,4.384645318543133,9.12952439341419e-16,False,False
shape_refinement/old_family,shear_yz10MPa,0.5,3.333333333333334,2.041241452319315,1.1785113019775795,6.168725626836404e-05,0.00016903268972862044,9.7591068917349e-05,6.163897474070503e-05,0.00016890981705313944,9.752012834440038e-05,True,4.3891213077084545,1.200320225158702e-15,False,False
shape_refinement/old_family,shear_yz10MPa,0.0,0.0,0.0,0.0,2.5435497830677153e-15,7.50124728545227e-16,-4.509411839579424e-16,0.0,0.0,0.0,True,4.393593035123218,8.875314505289811e-15,False,False
shape_refinement/old_family,shear_yz10MPa,-0.5,-3.333333333333334,-2.041241452319315,-1.1785113019775795,-6.159075372188583e-05,-0.00016878714695038778,-9.744930472634992e-05,-6.163897474070503e-05,-0.00016890981705313944,-9.752012834440038e-05,True,4.392956984259943,4.737746653327157e-15,False,False
shape_refinement/old_family,shear_yz10MPa,-1.0,-6.666666666666668,-4.08248290463863,-2.357022603955159,-0.0001230851864393439,-0.00033732935840924275,-0.00019475719588389585,-0.00012327794948141006,-0.0003378196341062789,-0.00019504025668880075,True,4.392318644448476,7.399788247430816e-15,False,False
shape_refinement/old_family,shear_yz10MPa,-0.5,-3.333333333333334,-2.041241452319315,-1.1785113019775795,-6.159075372252172e-05,-0.00016878714695082797,-9.744930472701281e-05,-6.163897474070503e-05,-0.00016890981705313944,-9.752012834440038e-05,True,4.392956984259846,6.253894971330887e-15,False,False
shape_refinement/old_family,shear_yz10MPa,0.0,0.0,0.0,0.0,1.589718614417322e-15,5.5460089129974936e-17,-5.508252672339906e-16,0.0,0.0,0.0,True,4.393593035123283,1.2451238389879332e-15,False,False
shape_refinement/old_family,biaxial_opposite25MPa,0.0,0.0,0.0,0.0,0.0,0.0,0.0,0.0,0.0,0.0,True,4.3935930351232955,6.0507154669279554e-15,False,False
shape_refinement/old_family,biaxial_opposite25MPa,0.5,-2.2482909287922576e-16,-10.206207261596575,-1.7989716779971275e-16,5.642365176360496e-07,-0.0008445545893760561,1.0621856340318486e-06,-2.2378587995904622e-19,-0.0008445490852656955,-2.1076608228437348e-18,True,4.3825070514466855,7.884866919308213e-15,False,False
shape_refinement/old_family,biaxial_opposite25MPa,1.0,-4.496581857584515e-16,-20.41241452319315,-3.597943355994255e-16,2.2569639768167273e-06,-0.0016891422036937357,4.2488087825059884e-06,-4.4757175991809245e-19,-0.001689098170531391,-4.2153216456874696e-18,True,4.371352534236071,6.45236588543991e-15,False,False
shape_refinement/old_family,biaxial_opposite25MPa,0.5,-2.2482909287922576e-16,-10.206207261596575,-1.7989716779971275e-16,5.642365163642748e-07,-0.000844554589376589,1.0621856327675355e-06,-2.2378587995904622e-19,-0.0008445490852656955,-2.1076608228437348e-18,True,4.382507051446814,1.5288646025261003e-14,False,False
shape_refinement/old_family,biaxial_opposite25MPa,0.0,0.0,0.0,0.0,0.0,-6.815384090884081e-17,1.2595441252782794e-15,0.0,0.0,0.0,True,4.3935930351232635,2.2849528057486066e-15,False,False
shape_refinement/old_family,biaxial_opposite25MPa,-0.5,2.2482909287922576e-16,10.206207261596575,1.7989716779971275e-16,5.642365170001621e-07,0.0008445545893757742,1.0621856345915589e-06,2.2378587995904622e-19,0.0008445490852656955,2.1076608228437348e-18,True,4.382507051446733,1.1437861875837959e-14,False,False
shape_refinement/old_family,biaxial_opposite25MPa,-1.0,4.496581857584515e-16,20.41241452319315,3.597943355994255e-16,2.2569639799961646e-06,0.0016891422036958146,4.248808782692889e-06,4.4757175991809245e-19,0.001689098170531391,4.2153216456874696e-18,True,4.3713525342360455,3.4217422781145966e-15,False,False
shape_refinement/old_family,biaxial_opposite25MPa,-0.5,2.2482909287922576e-16,10.206207261596575,1.7989716779971275e-16,5.642365176360496e-07,0.0008445545893763168,1.0621856349431851e-06,2.2378587995904622e-19,0.0008445490852656955,2.1076608228437348e-18,True,4.3825070514467726,4.43253339808209e-15,False,False
shape_refinement/old_family,biaxial_opposite25MPa,0.0,0.0,0.0,0.0,9.53831168650393e-16,5.182810334971803e-17,1.9526606761804427e-16,0.0,0.0,0.0,True,4.393593035123244,9.609676277091885e-16,False,False
shape_refinement/old_family,mixed_MPa,0.0,0.0,0.0,0.0,0.0,0.0,0.0,0.0,0.0,0.0,True,4.3935930351232955,6.0507154669279554e-15,False,False
shape_refinement/old_family,mixed_MPa,0.5,6.000000000000002,-10.206207261596576,-2.8284271247461903,0.00011161700226632887,-0.000844629705710914,-0.00023325265577486004,0.00011095015453326941,-0.0008445490852656959,-0.00023404830802656372,True,4.378674047592484,5.237021753756732e-15,False,False
shape_refinement/old_family,mixed_MPa,1.0,12.000000000000004,-20.412414523193153,-5.656854249492381,0.00022456949882011058,-0.00168944438829086,-0.0004649183895093956,0.00022190030906653883,-0.0016890981705313917,-0.00046809661605312744,True,4.363755897153189,1.0286910212542466e-14,False,False
shape_refinement/old_family,mixed_MPa,0.5,6.000000000000002,-10.206207261596576,-2.8284271247461903,0.00011161700226537505,-0.0008446297057115733,-0.00023325265577511423,0.00011095015453326941,-0.0008445490852656959,-0.00023404830802656372,True,4.3786740475924955,1.0983943789233397e-14,False,False
shape_refinement/old_family,mixed_MPa,0.0,0.0,0.0,0.0,1.907662337300786e-15,-3.858204960384059e-16,-2.275716110614442e-16,0.0,0.0,0.0,True,4.3935930351232875,2.0266176663568173e-15,False,False
shape_refinement/old_family,mixed_MPa,-0.5,-6.000000000000002,10.206207261596576,2.8284271247461903,-0.0001102841925424232,0.0008444803456249462,0.00023484617981399486,-0.00011095015453326941,0.0008445490852656959,0.00023404830802656372,True,4.385503007948463,1.945058697438995e-15,False,False
shape_refinement/old_family,mixed_MPa,-1.0,-12.000000000000004,20.412414523193153,5.656854249492381,-0.00021923820511289777,0.0016888470000157208,0.0004712925995945248,-0.00022190030906653883,0.0016890981705313917,0.00046809661605312744,True,4.377267319546838,4.4070649907190784e-15,False,False
shape_refinement/old_family,mixed_MPa,-0.5,-6.000000000000002,10.206207261596576,2.8284271247461903,-0.00011028419254051554,0.0008444803456255242,0.0002348461798151919,-0.00011095015453326941,0.0008445490852656959,0.00023404830802656372,True,4.385503007948448,5.469366279320376e-15,False,False
shape_refinement/old_family,mixed_MPa,0.0,0.0,0.0,0.0,1.2717748915338577e-15,-1.7125692459319526e-16,-1.8917078898902954e-16,0.0,0.0,0.0,True,4.393593035123248,2.91393432430376e-15,False,False
shape_refinement/old_family,pure_interface_normal50MPa,0.0,0.0,0.0,0.0,0.0,0.0,0.0,0.0,0.0,0.0,True,4.3935930351232955,6.0507154669279554e-15,False,False
shape_refinement/old_family,pure_interface_normal50MPa,0.5,25.000000000000014,7.313107937135654e-16,-2.5831398936824165e-16,0.0004633159448745717,-1.6456831737018198e-16,6.275257403759422e-16,0.0004622923105552887,5.984924608584868e-19,-3.277618212422733e-18,True,4.379223998147758,5.539405739662939e-15,False,False
shape_refinement/old_family,pure_interface_normal50MPa,1.0,50.00000000000003,1.4626215874271307e-15,-5.166279787364833e-16,0.0009286879721594242,-3.3646718887324304e-16,-3.4621384955355714e-16,0.0009245846211105774,1.1969849217169737e-18,-6.555236424845466e-18,True,4.364877308522418,1.2947976024690888e-14,False,False
shape_refinement/old_family,pure_interface_normal50MPa,0.5,25.000000000000014,7.313107937135654e-16,-2.5831398936824165e-16,0.00046331594487711525,-1.0439227639496257e-18,4.570585496588388e-16,0.0004622923105552887,5.984924608584868e-19,-3.277618212422733e-18,True,4.379223998147634,2.1448554737846237e-14,False,False
shape_refinement/old_family,pure_interface_normal50MPa,0.0,0.0,0.0,0.0,3.179437228834644e-16,-2.6031909226786804e-16,3.9330383320684915e-16,0.0,0.0,0.0,True,4.393593035123257,1.5250529700886988e-15,False,False
shape_refinement/old_family,pure_interface_normal50MPa,-0.5,-25.000000000000014,-7.313107937135654e-16,2.5831398936824165e-16,-0.0004612730887854932,1.6440924582988532e-15,-2.044283000314315e-15,-0.0004622923105552887,-5.984924608584868e-19,3.277618212422733e-18,True,4.407983958019276,5.809588921046327e-15,False,False
shape_refinement/old_family,pure_interface_normal50MPa,-1.0,-50.00000000000003,-1.4626215874271307e-15,5.166279787364833e-16,-0.0009205165686513159,-9.659487232221182e-16,-1.653394296861926e-15,-0.0009245846211105774,-1.1969849217169737e-18,6.555236424845466e-18,True,4.422396310508339,1.0345890810725678e-14,False,False
shape_refinement/old_family,pure_interface_normal50MPa,-0.5,-25.000000000000014,-7.313107937135654e-16,2.5831398936824165e-16,-0.00046127308878581117,2.8950681912418756e-15,-1.8947412621793958e-15,-0.0004622923105552887,-5.984924608584868e-19,3.277618212422733e-18,True,4.407983958019347,1.5893645250084341e-15,False,False
shape_refinement/old_family,pure_interface_normal50MPa,0.0,0.0,0.0,0.0,2.225606060184251e-15,3.8503427825863105e-16,2.9508480671787644e-16,0.0,0.0,0.0,True,4.393593035123159,1.4777986756958415e-14,False,False
shape_refinement/old_family,pure_interface_shear1_4MPa,0.0,0.0,0.0,0.0,0.0,0.0,0.0,0.0,0.0,0.0,True,4.3935930351232955,6.0507154669279554e-15,False,False
shape_refinement/old_family,pure_interface_shear1_4MPa,0.5,-6.062344036436679e-17,2.0,-4.7993670411985994e-17,2.1666631092863312e-08,0.00016549718714881063,4.0787726182281126e-08,4.1917172895815395e-20,0.00016549714573081898,4.0612698343323287e-19,True,4.391426058013686,2.0862067717893987e-14,False,False
shape_refinement/old_family,pure_interface_shear1_4MPa,1.0,-1.2124688072873357e-16,4.0,-9.598734082397199e-17,8.666653708920216e-08,0.0003309946228011045,1.6315099630028047e-07,8.383434579163079e-20,0.00033099429146163796,8.122539668664657e-19,True,4.389256433542589,1.2416953086404907e-14,False,False
shape_refinement/old_family,pure_interface_shear1_4MPa,0.5,-6.062344036436679e-17,2.0,-4.7993670411985994e-17,2.1666629185200977e-08,0.00016549718714882204,4.078772659512605e-08,4.1917172895815395e-20,0.00016549714573081898,4.0612698343323287e-19,True,4.391426058013802,1.5726515183616974e-15,False,False
shape_refinement/old_family,pure_interface_shear1_4MPa,0.0,0.0,0.0,0.0,2.5435497830677153e-15,8.726840517140327e-16,5.124219230722201e-16,0.0,0.0,0.0,True,4.393593035123186,1.1333458299715366e-14,False,False
shape_refinement/old_family,pure_interface_shear1_4MPa,-0.5,6.062344036436679e-17,-2.0,4.7993670411985994e-17,2.1666630139032143e-08,-0.00016549718714627728,4.078772589853546e-08,-4.1917172895815395e-20,-0.00016549714573081898,-4.0612698343323287e-19,True,4.391426058013754,6.371012311096129e-15,False,False
shape_refinement/old_family,pure_interface_shear1_4MPa,-1.0,1.2124688072873357e-16,-4.0,9.598734082397199e-17,8.666653836097705e-08,-0.00033099462280020473,1.6315099563530932e-07,-8.383434579163079e-20,-0.00033099429146163796,-8.122539668664657e-19,True,4.389256433542631,9.806459266343541e-15,False,False
shape_refinement/old_family,pure_interface_shear1_4MPa,-0.5,6.062344036436679e-17,-2.0,4.7993670411985994e-17,2.1666628549313527e-08,-0.00016549718714639866,4.07877271537627e-08,-4.1917172895815395e-20,-0.00016549714573081898,-4.0612698343323287e-19,True,4.391426058013872,1.2559259227861043e-14,False,False
shape_refinement/old_family,pure_interface_shear1_4MPa,0.0,0.0,0.0,0.0,6.358874457669288e-16,1.8877563529958497e-16,3.703222066783707e-16,0.0,0.0,0.0,True,4.393593035123323,9.016825052421154e-15,False,False
shape_refinement/old_family,pure_interface_shear2_4MPa,0.0,0.0,0.0,0.0,0.0,0.0,0.0,0.0,0.0,0.0,True,4.3935930351232955,6.0507154669279554e-15,False,False
shape_refinement/old_family,pure_interface_shear2_4MPa,0.5,-3.2283228208003934e-17,-3.0415922995174157e-18,2.000000000000001,2.1663657047279458e-08,6.381776710815554e-16,0.00016545639941979807,-2.6109641940252575e-19,4.0984670374437423e-19,0.0001654971457308191,True,4.391427351151369,7.714385889026533e-15,False,False
shape_refinement/old_family,pure_interface_shear2_4MPa,1.0,-6.456645641600787e-17,-6.083184599034831e-18,4.000000000000002,8.664273836565689e-08,-5.644240551636274e-17,0.0003308314717215009,-5.221928388050515e-19,8.196934074887485e-19,0.0003309942914616382,True,4.389261604659951,1.7784802554648132e-14,False,False
shape_refinement/old_family,pure_interface_shear2_4MPa,0.5,-3.2283228208003934e-17,-3.0415922995174157e-18,2.000000000000001,2.1663655775504566e-08,-2.282121699101674e-16,0.00016545639941911995,-2.6109641940252575e-19,4.0984670374437423e-19,0.0001654971457308191,True,4.391427351151476,9.261631241909306e-15,False,False
shape_refinement/old_family,pure_interface_shear2_4MPa,0.0,0.0,0.0,0.0,2.5435497830677153e-15,8.494871265250978e-16,2.2184200093592505e-16,0.0,0.0,0.0,True,4.393593035123189,1.1514048988891951e-14,False,False
shape_refinement/old_family,pure_interface_shear2_4MPa,-0.5,3.2283228208003934e-17,3.0415922995174157e-18,-2.000000000000001,2.1669604820503443e-08,2.6112653960635675e-15,-0.00016553797487887592,2.6109641940252575e-19,-4.0984670374437423e-19,-0.0001654971457308191,True,4.39142476564867,9.765660134104626e-15,False,False
shape_refinement/old_family,pure_interface_shear2_4MPa,-1.0,6.456645641600787e-17,6.083184599034831e-18,-4.000000000000002,8.669033104359158e-08,4.421537358647852e-16,-0.0003311577738831392,5.221928388050515e-19,-8.196934074887485e-19,-0.0003309942914616382,True,4.389251268605906,3.705035889341898e-15,False,False
shape_refinement/old_family,pure_interface_shear2_4MPa,-0.5,3.2283228208003934e-17,3.0415922995174157e-18,-2.000000000000001,2.1669604502559717e-08,2.9521886824642766e-15,-0.00016553797487777917,2.6109641940252575e-19,-4.0984670374437423e-19,-0.0001654971457308191,True,4.391424765648756,4.543015118530029e-15,False,False
shape_refinement/old_family,pure_interface_shear2_4MPa,0.0,0.0,0.0,0.0,6.358874457669288e-16,6.033778502776397e-16,-3.1816002180648173e-16,0.0,0.0,0.0,True,4.393593035123309,8.699505568699508e-15,False,False
