phase,time_reduced,force_reduced,survival_from_cycle_start,outflux,hazard,conditional_mean_lambda,conditional_variance,conditional_mean_shifted_energy
0.0,0.0,0.008,0.9999999999999999,0.0,0.004169631076768218,1.0108169106502622,0.0005933142468535282,0.00028537974718077753
0.01,0.12,0.008439533636705195,0.999475204921344,0.004373292322134948,0.004374440264917158,1.011184230127287,0.0005958469970295046,0.0002881953286654606
0.02,0.24,0.00887733263495013,0.998923923112754,0.004594015071582098,0.004597695348913196,1.0115652154155443,0.0005985353986846071,0.000291248712361276
0.03,0.36,0.009311669202100073,0.9983439142183494,0.0048334074533731754,0.004840019449471606,1.0119584802510946,0.000601366574346924,0.0002945377468605526
0.04,0.48,0.009740829210153984,0.9977328793625182,0.005091957131924246,0.005101965322531418,1.0123625877997655,0.0006043270389246403,0.0002980583118043184
0.049999999999999996,0.6,0.010163118960624632,0.9970884734773714,0.005370049042890991,0.00538399012226491,1.0127760541902266,0.0006074027700008029,0.0003018041984638817
0.06,0.72,0.010576871868792746,0.9964083209210197,0.005667937969596214,0.0056864281953744565,1.0131973523745978,0.0006105792865074404,0.0003057670176785558
0.06999999999999999,0.84,0.010980455040955508,0.9956900345524828,0.005985719737808889,0.0060094623147095155,1.0136249163444155,0.0006138417357256245,0.0003099361373869387
0.08,0.96,0.011372275718712008,0.9949312383570162,0.006323301628887356,0.00635309390209656,1.0140571457233363,0.0006171749881934279,0.00031429865155850037
0.09000000000000001,1.08,0.011750787564852977,0.994129593625956,0.006680372758835735,0.00671711293402147,1.0144924107502233,0.0006205637397129027,0.000318839381853305
0.09999999999999999,1.2,0.012114496766047311,0.9932828285885976,0.007056375311322362,0.007101068363495447,1.0149290576574257,0.0006239926192474035,0.00032354091281595166
0.10999999999999999,1.3199999999999998,0.012461967928240829,0.9923887712721815,0.007450477636800283,0.0075042400171304,1.0153654144393065,0.0006274463011114004,0.00032838366085314013
0.12,1.44,0.01279182974150082,0.9914453852328876,0.007861550327448102,0.007925613029962048,1.015799796995773,0.0006309096194976169,0.0003333459766630366
0.13,1.56,0.01310278039194988,0.990450807660266,0.008288146438513349,0.00836385595166975,1.0162305156249922,0.0006343676830822629,0.00033840428019155333
0.13999999999999999,1.68,0.013393592699430523,0.989403389215315,0.008728487041257168,0.008817303687662613,1.0166558818290732,0.0006378059872186567,0.00034353322660042823
0.15,1.7999999999999998,0.013663118960624632,0.988301734824949,0.009180453253049637,0.009283946419504101,1.0170742153866315,0.000641210521090324,0.00034870590116065005
0.16,1.92,0.013910295478514105,0.9871447445300775,0.009641585790598227,0.00976142557523143,1.0174838516373153,0.0006445678671603953,0.00035389404044898763
0.17,2.04,0.014134146760307045,0.9859316533784409,0.010109092930303092,0.010247037788083176,1.017883148915839,0.0006478652903332058,0.0003590682767415675
0.18000000000000002,2.16,0.014333789367262137,0.9846620692740513,0.010579867536579813,0.010737747592294084,1.0182704960672924,0.0006510908144387571,0.0003641984020817849
0.18999999999999997,2.28,0.01450843540121776,0.9833360076492437,0.011050513540064505,0.011230209360505545,1.018644319971654,0.0006542332839568734,0.00036925364816344235
0.19999999999999998,2.4,0.014657395614066076,0.9819539218185436,0.011517381922501405,0.011720798695884814,1.0190030930037817,0.0006572824093047522,0.0003742029779239255
0.21,2.52,0.014780082127900418,0.9805167279096679,0.011976615907293393,0.0122056531648596,1.0193453403556823,0.0006602287945025328,0.00037901538459291753
0.21999999999999997,2.6399999999999997,0.01487601075510082,0.9790258233479594,0.012424204680906941,0.01268072190656499,1.0196696471505924,0.0006630639465850023,0.0003836601938919652
0.22999999999999998,2.76,0.014944802909201345,0.97748309799601,0.012856044599577706,0.013141823299379383,1.019974665283167,0.0006657802667186731,0.00038810736512719937
0.24,2.88,0.014986187098997902,0.975890937217435,0.013268006488125966,0.013584709520229887,1.0202591199265714,0.0006683710235854396,0.00039232778705563436
0.25,3.0,0.015,0.9742522163374877,0.01365600733289113,0.014005136517543539,1.0205218156552525,0.0006708303101801172,0.00039629356462495924
0.26,3.12,0.014986187098997902,0.9725702862062695,0.01401608442681789,0.014398937649056111,1.020761642141113,0.0006731529857141261,0.00039997829297467186
0.26999999999999996,3.2399999999999998,0.014944802909201346,0.9708489498234912,0.014344469856485121,0.014762099028019043,1.020977579390373,0.000675334604799324,0.0004033573154277856
0.27999999999999997,3.36,0.01487601075510082,0.9690924302467978,0.014637663139111726,0.015090834485690688,1.0211687024980303,0.0006773713364865037,0.0004064079625807805
0.29,3.48,0.014780082127900418,0.9673053302674266,0.01489249982809362,0.015381658004329389,1.0213341859061578,0.0006792598760392821,0.0004091097699984625
0.3,3.5999999999999996,0.014657395614066076,0.9654925845863627,0.01510621400886512,0.015631451505692177,1.0214733071608035,0.000680997352528055,0.00041144467242416855
0.31,3.7199999999999998,0.01450843540121776,0.9636594054506096,0.015276492797944961,0.015837525995825275,1.0215854501697053,0.0006825812354274999,0.0004133971728101701
0.32,3.84,0.014333789367262137,0.9618112229033559,0.015401521227114006,0.01599767426237211,1.0216701079690893,0.0006840092433965112,0.00041495448484651
0.33,3.96,0.014134146760307045,0.9599536209560171,0.015480016227822638,0.016110213586732456,1.0217268850122854,0.0006852792583169726,0.0004161066480100104
0.34,4.08,0.013910295478514106,0.9580922710986877,0.015511248811076798,0.016174017258504415,1.0217554989957023,0.0006863892474760925,0.0004168466144632975
0.35000000000000003,4.2,0.013663118960624632,0.95623286462514,0.015495053946230457,0.016188534047840753,1.0217557822388221,0.0006873371965067896,0.0004171703074041349
0.36000000000000004,4.32,0.013393592699430525,0.9543810452580954,0.015431828058706607,0.01615379518709706,1.0217276826343868,0.0006881210553637651,0.0004170766506991576
0.36999999999999994,4.4399999999999995,0.013102780391949884,0.9525423435213795,0.015322514472632718,0.01607040881808614,1.021671264183023,0.0006887386992217865,0.00041656756983708844
0.37999999999999995,4.56,0.012791829741500822,0.9507221142211015,0.015168577502315773,0.01593954225882598,1.021586707123412,0.0006891879057496134,0.0004156479644110477
0.38999999999999996,4.68,0.012461967928240829,0.9489254782733195,0.01497196623151644,0.01576289281733157,1.0214743076650068,0.0006894663497495525,0.0004143256524957639
0.39999999999999997,4.8,0.012114496766047313,0.9471572699573348,0.014735069299873001,0.015542648215276535,1.0213344773255992,0.0006895716156698547,0.0004126112874327101
0.41,4.92,0.011750787564852977,0.9454219904893353,0.014460662233331699,0.01528143796966488,1.0211677418710219,0.0006895012280052272,0.00041051824768421186
0.42,5.04,0.01137227571871201,0.9437237686086847,0.014151849005420894,0.014982277306282078,1.0209747398493298,0.0006892526991091633,0.0004080625005759453
0.43,5.16,0.010980455040955508,0.9420663286569847,0.013811999597496814,0.014648505338998094,1.0207562207072518,0.0006888235934597066,0.00040526244092453585
0.43999999999999995,5.279999999999999,0.010576871868792748,0.9404529664161013,0.013444685340693823,0.014283719340926487,1.020513042472861,0.0006882116069565707,0.00040213870575013484
0.44999999999999996,5.3999999999999995,0.010163118960624632,0.9388865327631065,0.0130536137749574,0.013891706957208604,1.0202461689856035,0.0006874146593911597,0.00039871396650765313
0.45999999999999996,5.52,0.009740829210153987,0.9373694250041295,0.012642564658141899,0.013476378167985203,1.0199566666532118,0.0006864309978311673,0.0003950127005368771
0.47,5.64,0.009311669202100074,0.9359035855710188,0.012215328609254941,0.013041698709672435,1.0196457007149309,0.000685259308307473,0.0003910609437300699
0.48,5.76,0.008877332634950129,0.9344905076089248,0.011775649684115635,0.012591626510665237,1.0193145309918985,0.0006838988328927257,0.00038688602674175423
0.49,5.88,0.008439533636705195,0.9331312468526374,0.011327172969063305,0.012130052503397696,1.0189645071086284,0.0006823494890278471,0.00038251629741179876
0.5,6.0,0.008,0.9318264390867533,0.010873398049033806,0.011660746949058252,1.0185970631742831,0.0006806119877941197,0.0003779808324292267
0.51,6.12,0.007560466363294807,0.930576322410348,0.010417638970044368,0.011187312164705797,1.0182137119187293,0.0006786879477528196,0.00037330914161701743
0.52,6.24,0.007122667365049873,0.9293807634805206,0.009962991081892598,0.0107131422865954,1.0178160382861285,0.0006765800009886181,0.0003685308685520263
0.5299999999999999,6.359999999999999,0.006688330797899933,0.9282392868897998,0.009512304922671196,0.01024139044798382,1.0174056924977755,0.0006742918881019371,0.00036367549153178944
0.5399999999999999,6.4799999999999995,0.006259170789846018,0.9271511068378827,0.009068167099314729,0.009774943504844997,1.0169843826058427,0.0006718285391013648,0.00035877202914342084
0.5499999999999999,6.6,0.00583688103937537,0.9261151602858881,0.008632887933286764,0.009316404216260081,1.0165538665702316,0.0006691961374488104,0.000353848754861185
0.5599999999999999,6.72,0.005423128131207258,0.9251301408280784,0.008208495481746932,0.008868080584950882,1.0161159439015626,0.000666402164902485,0.00034893292518198857
0.57,6.84,0.005019544959044494,0.9241945325783063,0.0077967354147699475,0.008431981892728788,1.0156724469240472,0.0006634554252770887,0.0003440505257874985
0.58,6.96,0.004627724281287993,0.923306643442739,0.007399076129728369,0.008009820827619115,1.0152252317221548,0.0006603660457838589,0.0003392260400866098
0.59,7.08,0.004249212435147025,0.9224646372329582,0.007016718414838331,0.007603020997272503,1.0147761688442383,0.0006571454552087988,0.0003344822442354182
0.6,7.199999999999999,0.0038855032339526916,0.9216665641608767,0.006650608934011059,0.007212729055472721,1.014327133844247,0.0006538063388156454,0.0003298400323513805
0.61,7.319999999999999,0.003538032071759175,0.9209103893457778,0.006301456792488865,0.0068398306342226664,1.0138799977489785,0.0006503625704987692,0.0003253182751369521
0.62,7.4399999999999995,0.003208170258499181,0.9201940190512471,0.005969752454424955,0.00648496927003592,1.0134366175427143,0.0006468291233366586,0.0003209337145141817
0.63,7.56,0.0028972196080501228,0.9195153244533075,0.005655788316160959,0.006148567536183884,1.0129988267634082,0.0006432219602852653,0.0003167008961594596
0.64,7.68,0.002606407300569478,0.9188721628186687,0.005359680288657918,0.0058308496379922015,1.0125684263045884,0.0006395579072795825,0.0003126321410357389
0.65,7.8,0.0023368810393753683,0.918262396042025,0.005081389805363472,0.005531864791780362,1.01214717551491,0.000635854511461134,0.0003087375561712614
0.66,7.92,0.002089704521485893,0.917683906552771,0.00482074574378324,0.00525151078384839,1.0117367836827413,0.0006321298876017034,0.00030502508405551434
0.6699999999999999,8.04,0.001865853239692958,0.9171346106536056,0.00457746582638046,0.0049895571907555055,1.011338901986532,0.000628402556037231,0.00030150058914327996
0.68,8.16,0.0016662106327378643,0.9166124693961227,0.004351177145686906,0.004745667830228365,1.0109551159831522,0.000624691275552995,0.00029816797910530584
0.69,8.28,0.0014915645987822424,0.9161154971317277,0.004141435536625871,0.004519422100573908,1.0105869386961481,0.0006210148746700505,0.00029502935766769417
0.7000000000000001,8.4,0.0013426043859339253,0.9156417679005106,0.003947743593476073,0.004310334951962918,1.010235804354387,0.0006173920846770401,0.00029208520516786363
0.71,8.52,0.0012199178720995836,0.9151894198367952,0.0037695671976270884,0.004117875312131236,1.0099030628190915,0.0006138413775394879,0.00028933458234574284
0.7200000000000001,8.64,0.0011239892448991788,0.9147566577787378,0.0036063504838118724,0.003941482861333469,1.009589974724307,0.0006103808115137985,0.00028677535240328566
0.73,8.76,0.0010551970907986558,0.9143417542716316,0.003457529225882142,0.003780583113962983,1.0092977073427494,0.0006070278869120931,0.00028440441601678177
0.7399999999999999,8.879999999999999,0.0010138129010020995,0.913943049151482,0.003322542667917189,0.00363460081751239,1.0090273311761553,0.0006037994140260822,0.00028221795378256755
0.75,9.0,0.001,0.9135589478879901,0.0032008438624284694,0.0035029717228759055,1.008779817257092,0.0006007113947440693,0.0002802116705196484
0.7599999999999999,9.12,0.0010138129010020995,0.9131879188554054,0.003091908604875563,0.0033851528131005,1.0085560351379346,0.0005977789189058294,0.00027838103593890167
0.77,9.24,0.001055197090798655,0.9128284896866293,0.0029952430731315016,0.003280631102553419,1.0083567515327834,0.0005950160759556209,0.00027672151640939084
0.7799999999999999,9.36,0.0011239892448991788,0.9124792428515183,0.002910390292592787,0.003188931133339591,1.0081826295695413,0.0005924358819922382,0.0002752287928949424
0.79,9.48,0.0012199178720995827,0.9121388105851467,0.0028369355530937844,0.003109621304768039,1.0080342286024842,0.0005900502218925782,0.00027389896058217875
0.7999999999999999,9.6,0.0013426043859339244,0.9118058692767302,0.002774510903473212,0.0030423191721983133,1.0079120045304386,0.0005878698058144087,0.0002727287062558439
0.8099999999999999,9.719999999999999,0.001491564598782239,0.9114791334154069,0.002722798844361036,0.002986695847865072,1.0078163105622244,0.0005859041390742832,0.00027171546007832094
0.82,9.84,0.0016662106327378634,0.911157349175774,0.0026815353302694417,0.002942479626352097,1.0077473983692378,0.0005841615041538408,0.0002708575190771297
0.83,9.959999999999999,0.0018658532396929536,0.9108392877142855,0.0026505121790695546,0.002909458944467399,1.0077054195649233,0.0005826489534148359,0.0002701541403168728
0.84,10.08,0.0020897045214858913,0.9105237382377634,0.0026295789710160254,0.002887484768119511,1.0076904274522789,0.0005813723109999561,0.00026960560241186775
0.85,10.2,0.002336881039375363,0.9102095008976252,0.0026186445011518685,0.0028764724791822006,1.007702378983266,0.0005803361823600464,0.00026921323470578364
0.86,10.32,0.002606407300569477,0.9098953795581922,0.002617677828610663,0.0028764033135735777,1.0077411368779852,0.0005795439698739923,0.0002689794140906533
0.87,10.44,0.0028972196080501193,0.9095801744848653,0.002626708944389888,0.002887325377724705,1.0078064718564328,0.0005789978931088092,0.0002689075300479334
0.8799999999999999,10.559999999999999,0.0032081702584991776,0.9092626749981556,0.002645829055915584,0.0029093542452445177,1.0078980649414744,0.0005786990123970006,0.0002690019190598375
0.89,10.68,0.0035380320717591724,0.90894165214266,0.002675190462464958,0.0029426731092088722,1.0080155097981323,0.0005786472545778481,0.0002692677700536524
0.8999999999999999,10.799999999999999,0.0038855032339526864,0.9086158514261875,0.0027150059706017977,0.0029875324377374624,1.0081583150811926,0.0005788414399505011,0.0002697110030012331
0.91,10.92,0.0042492124351470205,0.9082839856933522,0.0027655477736252833,0.0030442490531203655,1.0083259067703751,0.0005792793097110944,0.00027033812319858833
0.9199999999999999,11.04,0.004627724281287987,0.907944728210052,0.0028271456941695475,0.003113204526949287,1.0085176304796624,0.000579957553385182,0.0002711560540963456
0.93,11.16,0.005019544959044489,0.907596706050226,0.00290018466521369,0.003194842757109058,1.0087327537347144,0.0005808718360123961,0.00027217195184217954
0.94,11.28,0.005423128131207249,0.9072384938938944,0.0029851013027634827,0.003289666567653185,1.008970468219516,0.0005820168250844103,0.00027339300493310387
0.9500000000000001,11.4,0.005836881039375373,0.9068686083653583,0.003082379404468295,0.0033982331510015377,1.0092298920003269,0.0005833862174722714,0.0002748262225614395
0.96,11.52,0.006259170789846019,0.9064855030621018,0.0031925441938050764,0.0035211481543339527,1.0095100717415337,0.0005849727667973098,0.0002764782153758478
0.9699999999999999,11.639999999999999,0.006688330797899928,0.906087564447606,0.0033161551207986947,0.0036590582013156883,1.0098099849340267,0.0005867683118936705,0.0002783549724704223
0.98,11.76,0.007122667365049868,0.9056731088040825,0.0034537970293649287,0.0038126416370546103,1.010128542162129,0.0005887638071726468,0.00028046163846218023
0.9899999999999999,11.879999999999999,0.007560466363294801,0.9052403804628566,0.0036060695102143113,0.003982597291614533,1.0104645894397548,0.0005909493558223049,0.0002828022945214498
1.0,12.0,0.007999999999999998,0.9047875515493957,0.003773574278841659,0.004169631076768218,1.0108169106502622,0.0005933142468535282,0.00028537974718077753
