cycle,segment,period_model,same_phase_L1,normal_mean,normal_amplitude,registry_shear_amplitude,registry_index_increment,cycle_net_transfer,cycle_gross_grid_traffic,external_work_ev_cell,raw_mass,mass_residual,mean_well_index,outside_central_mass,normal_strain,registry_shear,intrawell_shear,registry_index_shear,cumulative_net_transfer,cumulative_gross_grid_traffic,outer_well_mass,upper_normal_edge_mass,P_-2,P_-1,P_+0,P_+1,P_+2
1,cyclic,40.0,0.0031415689404247662,0.01840216505642539,3.400058012914542e-16,9.044182890326608e-17,1.546478344383921e-17,-1.6498679800186673e-17,0.01670622887966182,0.0,0.9999999999996757,-3.2429614549300823e-13,1.546478344383921e-17,0.001570784470050207,0.018402165056425394,-9.200227189977049e-17,-1.0962612919514855e-16,1.894041421002363e-17,-1.6498679800186673e-17,0.01670622887966182,5.570419199428101e-08,1.0576887428394967e-11,2.7852095997140706e-08,0.0007853643829290987,0.9984292155296255,0.0007853643829291142,2.7852095997140305e-08
2,cyclic,40.0,0.0027678112386623475,0.018402165056425362,3.400058012914542e-16,6.333899523732048e-17,5.575395851958521e-17,-1.778323173447742e-17,0.016706228698619256,0.0,0.9999999999993536,-6.463718449367661e-13,7.121874196342442e-17,0.002954649795393057,0.018402165056425255,-1.4692556016855987e-17,-1.0189620797363822e-16,8.722478896666501e-17,-3.4281911534664094e-17,0.033412457578281075,7.879345273776049e-07,1.0576887428391563e-11,3.9396726368880825e-07,0.0014769309304328041,0.9970453502039605,0.0014769309304328755,3.939672636887966e-07
3,cyclic,40.0,0.0027620431634978932,0.018402165056425373,4.0766001685454967e-16,7.544790840202624e-17,1.0204354146350446e-16,-1.7410179895660906e-17,0.016706225615602213,0.0,0.9999999999990348,-9.65227897609111e-13,1.7326228342692888e-16,0.004335622418716463,0.018402165056425255,1.0310568583365022e-16,-1.0991368330205967e-16,2.1220209303272706e-16,-5.1692091430325e-17,0.05011868319388329,2.4753450159987384e-06,1.057688742838818e-11,1.2376725079993982e-06,0.0021665735368501457,0.9956643775803183,0.002166573536850319,1.23767250799934e-06
4,cyclic,40.0,0.002756298363400076,0.01840216505642538,3.400058012914542e-16,1.0813849865922516e-16,1.5302158411942413e-16,-1.8394802757284827e-17,0.016706215543135387,0.0,0.9999999999987175,-1.2825296380469808e-12,3.26283867546353e-16,0.005713722588487522,0.018402165056425394,3.2000369628295126e-16,-7.872291302227294e-17,3.996144933952084e-16,-7.008689418760983e-17,0.06682489873701868,5.118693797357269e-06,1.0576887428384824e-11,2.5593468986787206e-06,0.002854301947344919,0.9942862774102299,0.0028543019473452457,2.5593468986785486e-06
5,cyclic,40.0,0.00275056671612723,0.018402165056425362,4.0766001685454967e-16,9.471759962043536e-17,1.8952531601445461e-16,-1.6833932793731965e-17,0.01670619752102953,0.0,0.999999999998393,-1.607047828144914e-12,5.158091835608076e-16,0.0070889569571469515,0.018402165056425664,5.112723690375203e-16,-1.2056965396846994e-16,6.317346521827819e-16,-8.692082698134179e-17,0.0835310962580482,8.714670333875254e-06,1.0576887428381409e-11,4.357335166937811e-06,0.0035401211434062797,0.9929110430412462,0.0035401211434067962,4.357335166937443e-06
6,cyclic,40.0,0.00274484831640862,0.01840216505642536,2.723515857283587e-16,1.5528323761640825e-16,2.4086567701365453e-16,-1.3778684952985704e-17,0.016706171528389435,0.0,0.9999999999980684,-1.9315660182428473e-12,7.566748605744622e-16,0.008461332149125466,0.018402165056425394,8.078973653163058e-16,-1.195858752846082e-16,9.267336547995182e-16,-1.006995119343275e-16,0.10023726778643764,1.3259964772762542e-05,1.0576887428377976e-11,6.629982386381614e-06,0.004224036092175972,0.9915386678489431,0.00422403609217673,6.629982386380928e-06
7,cyclic,40.0,0.0027391431332053472,0.01840216505642536,3.400058012914542e-16,1.9426344990035207e-16,2.9962604663086266e-16,-1.5315202719305004e-17,0.01670613759194675,0.0,0.9999999999977496,-2.2504220709151923e-12,1.0563009072053248e-15,0.00983085477272608,0.018402165056425255,1.205729736461733e-15,-8.802585570638174e-17,1.2936991187460043e-15,-1.160147146536325e-16,0.1169434053783844,1.8751276422352175e-05,1.057688742837459e-11,9.375638211176667e-06,0.004906051748151334,0.9901691452250234,0.004906051748152392,9.37563821117551e-06
8,cyclic,40.0,0.0027334511344569937,0.01840216505642537,2.723515857283587e-16,1.8905577046250888e-16,3.281303993721306e-16,-1.4077687583366472e-17,0.01670609573929864,0.0,0.9999999999974294,-2.5706103912170875e-12,1.3844313065774554e-15,0.0111975314202101,0.018402165056425255,1.586232353001656e-15,-1.1042058251470181e-16,1.6955751425246952e-15,-1.3009240223699897e-16,0.13364950111768303,2.5185313754332204e-05,1.05768874283712e-11,1.2592656877166997e-05,0.00558617305322719,0.9888024685772192,0.005586173053228578,1.2592656877165208e-05
9,cyclic,40.0,0.0027277722881553614,0.018402165056425366,4.0766001685454967e-16,2.378697496633884e-16,3.741852747805893e-16,-2.0808211382249142e-17,0.016706045997978453,0.0,0.9999999999971066,-2.8933522244756205e-12,1.7586165813580447e-15,0.01256136866783723,0.018402165056425394,2.0594793709360637e-15,-9.328268193425804e-17,2.1538566387624745e-15,-1.5090061361924811e-16,0.1503555471156615,3.255879438005466e-05,1.0576887428367799e-11,1.627939719002864e-05,0.006264404936727705,0.9874386313292693,0.0062644049367294695,1.6279397190026018e-05
10,cyclic,40.0,0.002722106562370938,0.018402165056425383,3.400058012914542e-16,2.4041513841807825e-16,4.2116511016749015e-16,-1.3068024310239346e-17,0.01670598839544274,0.0,0.9999999999967858,-3.2142066785922907e-12,2.179781691525535e-15,0.013922373075905088,0.01840216505642553,2.54048457922212e-15,-1.3026013011304164e-16,2.669676447449182e-15,-1.6396863792948746e-16,0.16706153551110423,4.086844502675659e-05,1.0576887428364398e-11,2.043422251338016e-05,0.006940752315438071,0.9860776269208809,0.006940752315440259,2.043422251337643e-05
11,cyclic,40.0,0.0027164539252649573,0.018402165056425376,2.723515857283587e-16,2.7079044804384103e-16,4.560222100132914e-16,-2.165693839539795e-17,0.016705922959072805,0.0,0.9999999999964655,-3.5345060211966484e-12,2.6358039015388263e-15,0.015280551188788863,0.018402165056425394,3.0898791665214667e-15,-1.3682168042026904e-16,3.2281873104036185e-15,-1.856255763248854e-16,0.18376745847017703,5.011100151384022e-05,1.0576887428361014e-11,2.5055500756922622e-05,0.007615220093636188,0.9847194488076767,0.0076152200936388335,2.5055500756917604e-05
12,cyclic,40.0,0.0027108143450681717,0.018402165056425394,3.400058012914542e-16,2.986645880584547e-16,4.681856031361937e-16,-2.324597220444702e-17,0.016705849716173032,0.0,0.9999999999961479,-3.852140828541906e-12,3.10398950467502e-15,0.01663590953498073,0.01840216505642553,3.682969788619808e-15,-1.1648645048904245e-16,3.801595226704049e-15,-2.0887154852933243e-16,0.20047330818635006,6.028320872921426e-05,1.057688742835765e-11,3.0141604364610445e-05,0.0082878131631242,0.9833640904611671,0.008287813163127317,3.0141604364603808e-05
13,cyclic,40.0,0.0027051877900975112,0.018402165056425376,4.0766001685454967e-16,3.5521354580241695e-16,5.31259064521094e-16,-2.307317748320714e-17,0.01670576869397239,0.0,0.9999999999958314,-4.168554390560075e-12,3.635248569196114e-15,0.017988454627129204,0.018402165056425255,4.398067900058962e-15,-5.5417219990694034e-17,4.452252041356553e-15,-2.3194472601253957e-16,0.21717907688032245,7.13818206056944e-05,1.0576887428354288e-11,3.569091030285156e-05,0.008958536403259929,0.9820115453687019,0.008958536403263582,3.5690910302842835e-05
14,cyclic,40.0,0.0026995742287448657,0.01840216505642538,2.723515857283587e-16,3.001842482969914e-16,5.361786318791126e-16,-1.6263032587282567e-17,0.016705679919623656,0.0,0.9999999999955133,-4.486744309417645e-12,4.171427201075227e-15,0.01933819296207829,0.01840216505642553,5.011012528508552e-15,-9.911163385305156e-17,5.1089340709002544e-15,-2.4820775859982214e-16,0.2338847567999461,8.340360009746422e-05,1.0576887428350934e-11,4.170180004873771e-05,0.009627394680988315,0.980661807033435,0.00962739468099251,4.170180004872652e-05
15,cyclic,40.0,0.0026939736294808504,0.01840216505642538,2.723515857283587e-16,3.403529311061553e-16,5.41653852850551e-16,-1.8587290994548367e-17,0.0167055834202052,0.0,0.999999999995191,-4.809042053466328e-12,4.7130810539257776e-15,0.020685131020906734,0.018402165056425255,5.69495611380526e-15,-7.809159073657083e-17,5.772321849248461e-15,-2.667950495943705e-16,0.2505903402201513,9.634531915659637e-05,1.0576887428347524e-11,4.81726595783052e-05,0.010294392850872698,0.9793148689742843,0.010294392850877439,4.817265957829118e-05
16,cyclic,40.0,0.0026883859608450955,0.018402165056425356,3.400058012914542e-16,3.445686623412901e-16,5.625382971985027e-16,-1.6581516975450183e-17,0.016705479222718866,0.0,0.9999999999948699,-5.130118552187923e-12,5.27561935112428e-15,0.02202927526896709,0.018402165056425394,6.384889253393689e-15,-7.495922851435326e-17,6.461287743703685e-15,-2.833765665698207e-16,0.2672958194428702,0.00011020375870963323,1.0576887428344139e-11,5.5101879354825243e-05,0.010959535755126072,0.9779707247259026,0.010959535755131382,5.510187935480799e-05
17,zero_stress_hold,40.0,0.0026828111914630913,0.018402165056425366,3.400058012914542e-16,3.6435173651769046e-16,6.288101549923646e-16,-2.117582368135751e-17,0.01670536735409245,0.0,0.9999999999945552,-5.444755757366693e-12,5.904429506116645e-15,0.023370632155924588,0.018402165056425394,7.120442673730021e-15,-1.1435459501392484e-16,7.231419756109533e-15,-3.045523902511782e-16,0.2840011867969626,0.00012497570863422697,1.0576887428340793e-11,6.248785431712414e-05,0.011622828223642207,0.9766293678386309,0.011622828223648154,6.248785431710285e-05
18,zero_stress_hold,40.0,0.0026772492900571706,0.018402165056425397,3.400058012914542e-16,4.214920118388964e-16,6.86571025732299e-16,-1.5246593050577406e-17,0.01670524784117844,0.0,0.9999999999942343,-5.7657212337858255e-12,6.591000531848944e-15,0.024709208115796053,0.018402165056425394,7.970592792132676e-15,-9.962106172633715e-17,8.07229409872123e-15,-3.197989833017556e-16,0.30070643463814106,0.0001406579677358386,1.0576887428337415e-11,7.032898386793207e-05,0.012284275074026787,0.9752907918784384,0.01228427507403343,7.032898386790652e-05
19,zero_stress_hold,40.0,0.0026717002253895754,0.01840216505642538,2.723515857283587e-16,4.6516846572691e-16,7.370948469708801e-16,-1.610040226140974e-17,0.016705120710754473,0.0,0.9999999999939122,-6.087796933229583e-12,7.328095378819824e-15,0.02604500956698861,0.01840216505642553,8.898110980127519e-15,-7.941044938092766e-17,8.975047232277983e-15,-3.3589938556316534e-16,0.31741155534889554,0.0001572473437244977,1.0576887428334009e-11,7.862367186226413e-05,0.012943881111628362,0.9739549904269237,0.012943881111635752,7.862367186223358e-05
20,zero_stress_hold,40.0,0.0026661639663250734,0.01840216505642537,3.400058012914542e-16,4.2735065931189084e-16,7.281772841026214e-16,-1.462317680139824e-17,0.016704985989524135,0.0,0.999999999993588,-6.411982056420129e-12,8.056272662922445e-15,0.02737804291233833,0.0184021650564258,9.757031531208744e-15,-1.0898099653221232e-16,9.866878626446526e-15,-3.505225623645636e-16,0.33411654133841967,0.0001747406531916196,1.057688742833059e-11,8.737032659582761e-05,0.013601651129569292,0.97262195708125,0.01360165112957742,8.7370326595792e-05
21,zero_stress_hold,40.0,0.00266064048179232,0.01840216505642537,4.0766001685454967e-16,4.2508932344194616e-16,7.579928438466118e-16,-1.4894227344519617e-17,0.016704843704116623,0.0,0.9999999999932678,-6.732170376722024e-12,8.814265506769057e-15,0.02870831453914885,0.018402165056425394,1.0612570160709219e-14,-1.8213268651446456e-16,1.079522647449919e-14,-3.654167897090832e-16,0.3508213850425363,0.00019313472158688364,1.0576887428327191e-11,9.656736079346275e-05,0.014257589908776534,0.9712916854541189,0.014257589908785432,9.656736079342091e-05
22,zero_stress_hold,40.0,0.002655129740817638,0.01840216505642537,2.723515857283587e-16,5.475882158440877e-16,8.251320633787754e-16,-1.9353008778866254e-17,0.016704693881086308,0.0,0.9999999999929433,-7.0566885668199575e-12,9.639397570147833e-15,0.030035830819229923,0.01840216505642512,1.171730052086449e-14,-9.239246369632648e-17,1.1805802737343103e-14,-3.8476979848794945e-16,0.3675260789236226,0.00021242638319516797,1.0576887428323766e-11,0.00010621319159760835,0.01491170221801251,0.9699641691737134,0.014911702218022247,0.0001062131915975596
23,zero_stress_hold,40.0,0.0026496317124722764,0.01840216505642537,3.400058012914542e-16,5.24250687622791e-16,8.620762524069683e-16,-1.0828469197698976e-17,0.016704536546914728,0.0,0.9999999999926245,-7.375544619492302e-12,1.0501473822554801e-14,0.03136059810893562,0.018402165056425394,1.2766554918296545e-14,-9.905853197881607e-17,1.286162620622702e-14,-3.9559826768564843e-16,0.38423061547053733,0.00023261248111354412,1.0576887428320375e-11,0.00011630624055680055,0.01556399281390573,0.9686394018836889,0.015563992813916344,0.00011630624055674357
24,zero_stress_hold,40.0,0.002644146365943542,0.01840216505642539,2.723515857283587e-16,5.955158670546788e-16,9.494900525649043e-16,-2.4204813500738886e-17,0.016704371728009038,0.0,0.9999999999922996,-7.700395876497623e-12,1.1450963875119705e-14,0.03268262274920265,0.018402165056425255,1.3965330708192424e-14,-5.777295919357722e-17,1.4024509278543216e-14,-4.198030811863873e-16,0.40093498719854637,0.0002536898672283298,1.0576887428316958e-11,0.00012684493361419754,0.01621446644098137,0.9673173772430969,0.01621446644099295,0.0001268449336141323
